Search,Authors,Article Title,Source Title,DOI,Abstract,Relevant?,Actually considers both food and fuel?,Country Context,Country grouping,Method,Method grouping - uses spatial analysis?,Forest,Forest grouping,,,,,,,
food (topic) and fuel (topic) and self-sufficiency (topic),"Markussen, MV; Pugesgaard, S; Oleskowicz-Popiel, P; Schmidt, JE; Ostergård, H",Net-Energy Analysis of Integrated Food and Bioenergy Systems Exemplified by a Model of a Self-Sufficient System of Dairy Farms,FRONTIERS IN ENERGY RESEARCH,10.3389/fenrg.2015.00049,"Agriculture is expected to contribute in substituting of fossil fuels in the future. This constitutes a paradox as agriculture depends heavily on fossil energy for providing fuel, fodder, nutrients and machinery. The aim of this paper is to investigate whether organic agriculture is capable of providing both food and surplus energy to the society as evaluated from a model study. We evaluated bioenergy technologies in a Danish dairy farming context in four different scenarios: 1) vegetable oil based on oilseed rape, 2) biogas based on cattle manure and grass-clover lays, 3) bioethanol from rye grain and whey, and 4) a combination of 1) and 2). When assessing the energetic net-contribution to society from bioenergy systems, two types of problems arise: How to aggregate non-equivalent types of energy services, and how to account for non-equivalent types of inputs and co-products from the farming? To avoid the first type, the net output of liquid fuels, electricity, useful heat and food were calculated separately. Further, to avoid the second type, all scenarios were designed to provide self-sufficiency with fodder and fertilizer and to utilize co-products within the system. This approach resulted in a transparent assessment of the net-contribution to society, which is easy to interpret. We conclude that if 20% of land is used for energy crops, farm-gate energy self-sufficiency can be achieved at the cost of 17% reduction in amount of food produced. These results demonstrate the strong limitations for (organic) agriculture in providing both food and surplus energy.",Y,Y,Denmark,Europe,"input-output, no spatial analysis",No,Not considered,Not included,,,,,,,
food (topic) and fuel (topic) and self-sufficiency (topic),"Khatiwada, D; Silveira, S",Scenarios for bioethanol production in Indonesia: How can we meet mandatory blending targets?,ENERGY,10.1016/j.energy.2016.12.073,"This study investigates the potential of bioethanol production and fossil fuel substitution using sugarcane feedstock in Indonesia. Current production practices, government biofuel policies (esp. mandatory blending targets), and sugar self-sufficiency are simulated to project the total potential of fuel ethanol and land requirements in the timeframe between 2015 and 2025. At present conditions, 450 million liters bioethanol can be annually produced in Indonesia using sugarcane molasses, a low-value co-product. This gives only a marginal contribution equivalent to 1% of the total gasoline consumption in 2015. The study examines the ethanol production potential after domestic sugar self-sufficiency is achieved by 2020. In 2015, 0.71 Mha land were required for sugarcane cultivation in order to meet a 2% blend mandate i.e. 0.68 billion liters (BL) ethanol using only cane-molasses. Juice ethanol is needed to meet the blending targets set for 2020 (i.e., 4.45 BL ethanol) and 2025 (i.e., 11.48 BL ethanol). This translates into sugarcane feedstock obtained from 1.60 Mha to 2.76 Mha land, respectively. The study also evaluates how improved resource efficiency can be achieved, exploring the bioelectricity production potential from sugarcane biomass, improvements in yields, and modernization of sugarcane mills. The results highlight how the use of established technologies and production methods can help develop agro-industries in the sugar ethanol segment of Indonesia. (C) 2016 Elsevier Ltd. All rights reserved.",Y,Y,Indonesia,Indonesia,"interpolation and extrapolation; analysis of the land and yield needed to meet demand in 4 scenarios, no spatial analysis",No,Considered,Included,,,,,,,
food (topic) and fuel (topic) and self-sufficiency (topic),"Balda, MC; Furubayashi, T; Nakata, T",A novel approach for analyzing the food-energy nexus through on-farm energy generation,CLEAN TECHNOLOGIES AND ENVIRONMENTAL POLICY,10.1007/s10098-016-1295-8,"To find a balance between food and energy security, this research presents the design of an energy self-sufficient farm in electricity, heat and bioethanol, which is produced by energy crops and agricultural residues. The farm proposed is evaluated by two models: Land Optimization and Cost Optimization. Due to the food-fuel debate over land and the detriment of food security, this research proposes utilizing the current abandoned land and increasing the food self-sufficiency ratio (FSSR) of the crops analyzed (rice, wheat and maize). The farm is optimized for several food and fuel demands, with a maximum farm unit size of 100 ha. The result is a myriad of farms of different sizes, each optimized for a certain demand. Subsequently, the amount and variety of such farms are optimized maximizing the food and fuel produced for each city of the case study (Miyagi Prefecture, Japan). The results suggest that the establishment of energy self-sufficient farms in the abandoned land can stimulate the biofuel industry and increase food security simultaneously. The FSSR of maize and wheat can be improved in approximately 10-25 and 7-9 %, respectively. The estimated bioethanol potential is 3.2-3.8 ML. Additionally, a surplus of electricity and heat, approximately 61-65 GWh and 60-165 MJ, respectively, is obtained. As the Land Optimization model proposed is sensitive to crop yields, a simultaneous evaluation is recommended. The results also suggest that the farms must be larger than 8 ha to achieve self-sufficiency; therefore, the policies involved need further evaluation.",Y,Y,Japan,Other Asia,"land optimization model, no spatial analysis",No,Not considered,Not included,,,,,,,
food (topic) and fuel (topic) and self-sufficiency (topic),"Yuan, KY; Lin, YC; Chiueh, PT; Lo, SL","Spatial optimization of the food, energy, and water nexus: A life cycle assessment-based approach",ENERGY POLICY,10.1016/j.enpol.2018.05.009,"Since the Bonn 2011 Conference, the Food-Energy-Water (FEW) nexus has become one of the most popular global research topics. Understanding and addressing the complex interactions between the FEW components is essential for sustainable development. This study proposes an environmental impact minimization model, which considers the FEW nexus under four climate change scenarios, to optimize the spatial distribution of three energy crops (rice, corn, and sugarcane). Life cycle assessment (LCA), linear programming, and a climate change simulation model are integrated to analyze appropriate bioenergy production rates while comparing the benefits of bioenergy with the current renewable energy policy in Taiwan. The major findings of LCA in this study indicate that electricity generation using bio-coal produced from rice straw is very beneficial to the environment. Considering the spatial characteristics of Taiwan, simulations from the spatial optimization model suggested that (a) the rice and corn cultivation areas should be increased in southern Taiwan for bio-coal and bioethanol production, in accordance with the food and feed priority policy; and (b) the rice cultivation area should be decreased across Taiwan, based on the water conservation policy. In addition, compared to solar power, the development of bioenergy can simultaneously enhance food and energy self-sufficiency.",Y,Y,Taiwan,Other Asia,"modeling, includes spatial analysis",Yes,"Considered, excludes forest",Included,,,,,,,
food (topic) and fuel (topic) and self-sufficiency (topic),"Valera, H; Agarwal, AK",India's growing Ethanol Blending Program and implications of scalable and sustainable Methanol Blending Program for transport sector,TRANSPORT POLICY,10.1016/j.tranpol.2025.01.007,"The government of India is exploring the possibility of introducing indigenous fuels into the transport sector to reduce petroleum imports. Considering this, an Ethanol Blending Program was launched. The government of India also outlined a vision for a methanol economy, and vehicle trials were performed to understand the challenges of introducing the Methanol Blending Program in India. A review of the Ethanol Blending Program vs. Methanol Blending Program is done in this study by systematically analysing various aspects such as production, the requirement of critical resources such as water, fuel storage issues, and the 'food vs. fuel' debate. India's struggle towards providing Indigenous feedstocks for ethanol production can be easily tackled by producing methanol from various abundant feedstocks such as high-ash coal, biomass, and municipal solid waste. However, coal-based methanol (brown methanol) may lead to a larger carbon footprint involving coal extraction and methanol conversion. Green methanol can be a game-changer for India's economy and greenhouse gas emissions. Ethanol has an edge over methanol since methanol has a wider flammability range and higher toxicity. Significant use of food and water stresses for the national ethanol blending program could be the main bottleneck for extending it further for a longer time in India. On the contrary, the methanol blending program would not affect India's food production architecture. Methanol could face challenges in public acceptance as it is perceived as dangerous to the human body. Flex-fuel vehicles must be deployed to implement the highly methanol-concentrated methanol-gasoline blends in parallel with gasoline-fueled vehicles. The government of India launched the Ethanol Blending Program with an ambitious aim of sharply reducing import bills for petroleum. However, it failed to influence India's economy for various reasons, including challenges in upscaling ethanol production from an economic vantage point. These challenges can be overcome by switching to methanol in place of ethanol. Overall, ethanol and methanol can replace gasoline in the transport sector. However, the Ethanol Blending Program has not benefited India in the past few years; and promoting the Methanol Blending Program in India makes sense from economic, strategic, sustainability, and self-sufficiency viewpoints, and this could be potentially a game-changer for the Indian economy. However, the carbon footprint from brown methanol may be high. Thus, green methanol needs to be made available for transport sector. Projects must be implemented in various parts of the country, and technical challenges must be resolved for implementing green methanol economy. Vehicle manufacturers need to develop methanol-compatible engines so that implementing a methanol blending program becomes a reality. Attractive policies need to be put in place to engage OEMs. India should consider phase-wise shift to methanol-fueled vehicles starting with vehicles using lower methanol-gasoline/methanol-diesel blends to eventually 100% methanol-powered vehicles in a phased manner.",Y,Y,India,Other Asia,"Policy comparison, no spatial analysis",No,Not considered,Not included,,,,,,,
food (topic) and fuel (topic) and self-sufficiency (topic),"Reddy, MG; Reddy, BS",Economics of Biofuel Production: A Case of Sorghum and Pearl Millet in India,BIOFUELS AND BIODIESEL,10.1007/978-1-0716-1323-8_19,"Reduction of fossil fuels at an alarming rate has attracted increasing attention to blending biofuels worldwide. India's energy demand is expected to grow at an annual rate of 4-5 times over the next couple of decades. With self-sufficiency levels in crude oil becoming a distant dream, there is growing interest to look out for alternative fuels and the biofuels are an important option for policy makers in India. In this context, this paper reviews the experiences in India in the last two decades with respect to biofuel cultivation and its impact on land use, environment, and the livelihoods of rural communities. The objective of this paper is to assess the economics of biofuel production using Sorghum and Pearl millet feedstocks in India using a Life Cycle Analysis (LCA) approach. Baseline study was conducted during the year 2013 in the Madhya Pradesh state of India covering five districts and 333 sample farmers to understand the farmers perception about the various issues related to the production of biofuels using Indian staple food crops Sorghum and Pearl millet. Empirical data from the multi-locational trials conducted during the years 2014-2015 and 2015-2016 in farmers' fields was used to conduct the LCA analysis. Sorghum and Pearl millet feedstocks which are rain-fed crops are considered for bioethanol production with different pretreatment methods. Net Energy Ratio (NER), Net Energy Balance (NEB), Net Carbon Balance (NCB), and % Carbon reduction were some of the key parameters used for analysis and the results are evaluated based on the environmental impacts through the Life Cycle Assessment at 5% blending. Findings reveal that, dilute alkali pretreatment process is most energy intensive due to consumption of alkali consumption. Whereas dilute acid pretreatment has higher conversion efficiency than the other pretreatment processes which is due to higher glucan and xylan conversion efficiencies. The study concludes that Sorghum feedstock is more energy intensive than Pearl millet feedstock due to higher water requirement and yield. Biofuels, either conventional or advanced, should not been couraged without a comprehensive outlook on the overall impact that will ultimately have on the society, environment, or on the countries' energy security. Efforts should be made toward encouragement of research and development in the field as well as in formulating a comprehensive and effective biofuel policy for India.",Y,Y,India,Other Asia,"Life Cycle Analysis, no spatial analysis",No,Not considered,Not included,,,,,,,
food (topic) and fuel (topic) and self-sufficiency (topic),"Binder, CR; Knoeri, C; Hecher, M","Modeling transition paths towards decentralized regional energy autonomy: the role of legislation, technology adoption, and resource availability",RAUMFORSCHUNG UND RAUMORDNUNG-SPATIAL RESEARCH AND PLANNING,10.1007/s13147-016-0396-5,"Decentralized energy systems are increasingly seen as a key factor for a transition towards a low-carbon, renewable energy based society. Within the transition process, regional demand and supply of renewable energy carriers have to be aligned, while considering the environmental conditions of the region. This paper focuses on the energy demand from buildings, which makes up 35% of the total energy demand. It presents an approach for aligning the regional supply potential of renewable energy carriers with the dynamics of regional energy demand from buildings. The approach consists of two components. First, a dynamic model simulates regional energy demand from buildings taking into consideration envelope renovation, legislative standards, and adoption of heating technologies. Second, the regional supply is estimated based on the technical maximum possible, taking into consideration competing uses and spatial limitations. We show a first application in the case of the energy region Weiz-Gleisdorf, Austria, which aims to achieve CO2 neutrality and energy self-sufficiency by the year 2050. Our results show that in the year 2050 (i) energy demand from buildings will decrease by 40-55%, depending on envelope renovation rates and legislative standards; (ii) demand for the different renewable energy carriers will be determined by the choice of heating technology; (iii) the demand for wood could be met from regional forest resources, as long as there are no additional demands for other purposes; (iv) the demand for biomass for district heating would require 5-10% of the agricultural area to be used for the production of energy plants rather than food; and (v) in contrast to other forms of energy, the demand for electricity will remain constant or increase slightly over time. This demand could only be regionally met if significant areas of facades or gardens are used for photovoltaic electricity production in addition to roofs. Overall we identified several issues related to spatial planning and a need for further research regarding the transition towards decentralized energy systems. First, if biomass for central district heating systems is to come from regional production, areas should be allocated for cultivating energy crops used specifically to produce fuel. Second, if wood is used for district heating purposes, the extent to which the import of wood from neighboring regions would be a useful ecological solution must be evaluated; this would involve extending regional energy planning beyond the typical jurisdictional boundaries while considering ecological issues.",Y,Y,Austria,Europe,"considers spatial elements scenario analysis of demand, production, needed crops, etc. to meet energy requirements (BAU, BAU constrained by legislation, rennovation, leg and ren)",Yes,Considered,Included,,,,,,,
food (topic) and energy (topic) and self-sufficiency (topic),"Kim, K; Burnett, K; Ghimire, J","Assessing the potential for food and energy self-sufficiency on the island of Kauai, Hawaii",FOOD POLICY,10.1016/j.foodpol.2015.04.009,"Food and energy security are major concerns in the Pacific and around the world. They are key planning priorities in the state of Hawaii as well. Approximately 90% of energy and food resources are imported to Hawaii from the continental USA or other parts of the world. While food and energy independence is a goal in many jurisdictions, assessment of the potential for local food and energy production is lacking. Research is needed to examine how agricultural lands can be used to meet food and energy demands, particularly on islands where land is limited. The contribution of this paper is the development of a community-orientated method for evaluating and prioritizing lands for food and energy self-sufficiency, based on local preferences and production possibilities. Based on a review of the literature, community meetings, and expert interviews, three scenarios were developed to assess food and energy production possibilities on Kauai. The first scenario considers maximum food production, the second assigns equal importance to food and energy production, and the third scenario maximizes energy production. Our analysis shows that while currently zoned agricultural lands on Kauai are capable of meeting the energy and nutritional needs of the current population under some conditions, ins not possible under the strictest definition of important agricultural lands. Some aspect or interpretation of the criteria will always have to be relaxed in order to fulfill energy and food-self sufficiency goals. This work broadens policy discussions regarding the preservation of agricultural lands on small islands. (C) 2015 Elsevier Ltd. All rights reserved.",Y,Y,United States,North America,"lit review; expert and community interviews to create three scenarios of only food production; food and energy production; and only energy production, includes spatial analysis",Yes,Not considered,Not included,,,,,,,
food (topic) and energy (topic) and self-sufficiency (topic),"Tavakoli-Hashjini, E; Piorr, A; Muller, K; Vicente-Vicente, JL",Potential Bioenergy Production from Miscanthus x giganteus in Brandenburg: Producing Bioenergy and Fostering Other Ecosystem Services while Ensuring Food Self-Sufficiency in the Berlin-Brandenburg Region,SUSTAINABILITY,10.3390/su12187731,"Miscanthus x giganteus (hereafter Miscanthus) is a perennial crop characterized by its high biomass production, low nutrient requirements, its ability for soil restoration, and its cultivation potential on marginal land. The development of the bioenergy sector in the state of Brandenburg (Germany), with maize as the dominant crop, has recently drawn attention to its negative environmental impacts, competition with food production, and uncertainties regarding its further development toward the state's bioenergy targets. This study aimed to estimate the potential bioenergy production in Brandenburg by cultivating Miscanthus only on marginal land, thereby avoiding competition with food production in the Berlin-Brandenburg city-region (i.e., foodshed), after using the Metropolitan Foodshed and Self-sufficiency Scenario (MFSS) model. We estimated that by 2030, the Berlin-Brandenburg foodshed would require around 1.13 million hectares to achieve 100% food self-sufficiency under the business as usual (BAU) scenario, and hence there would be around 390,000 ha land left for bioenergy production. Our results suggest that the region would require about 569,000 ha of land of maize to generate 58 PJ-the bioenergy target of the state of Brandenburg for 2030-which is almost 179,000 ha more than the available area for bioenergy production. However, under Miscanthus plantation, the required area would be reduced by 2.5 times to 232,000 ha. Therefore, Miscanthus could enable Brandenburg to meet its bioenergy target by 2030, while at the same time avoiding the trade-offs with food production, and also providing a potential for soil organic carbon (SOC) sequestration of around 255,200 t C yr-1, leading to an improvement in the soil fertility and other ecosystem services (e.g., biodiversity), compared with bioenergy generated from maize.",Y,Y,Germany,Europe,"estimating yield and area needed for silver grass and maize and comparing energy potential as well as carbon sequestration potential, includes spatial analysis",Yes,Not considered,Not included,,,,,,,
food (topic) and energy (topic) and self-sufficiency (topic),"Reddy, MG; Reddy, BS; Padakandala, SR",Biofuels production through food and fodder crops: is it a viable option for sustainable energy security? Reflections from the fields in the Indian state of Madhya Pradesh,DECISION,10.1007/s40622-015-0085-1,"With self-sufficiency levels of crude oil being a distant dream and given India's growing energy demand, biofuels has emerged as an important option for policymakers. This paper reviews the experiences of biofuels' cultivation and its impact on land use, environment, and livelihoods of rural communities in the light of emergence of jowar and bajra as alternative feedstocks. Empirical data collected during 2013 in the Indian state of Madhya Pradesh is used to analyze the present economics and future implications for success of these crops as viable alternatives. Findings indicate that use of major staple food crops such as jowar and bajra for biofuel production might not be feasible given the economies of scale, even as they would have a lasting impact on the",Y,Y,India,Other Asia,"economic feasability; examining current (at the time) land use patterns in small scale farm holdings; economic viability with opportunity costs, no spatial analysis",No,Not considered,Not included,,,,,,,
food (topic) and energy (topic) and self-sufficiency (topic),"Chimphango, AFA; Görgens, JF",Postharvest technology for advancing sustainable bioenergy production for food processing,BRITISH FOOD JOURNAL,10.1108/BFJ-07-2014-0259,"Purpose - Agricultural food residues (agro-residues) receive low economic returns and experience disposal problems. The food production and processing is often not configured to supply agro-residues for production of bioenergy needed in food processing. The feasibility of utilising agro-residues through advances in postharvest technology for sustainable bioenergy conversion is reviewed. The paper aims to discuss this issue. Design/methodology/approach - Agro-residues from maize, sugarcane and potatoes in five African countries were assessed from secondary data to identify suitable conversion technologies, energy products and configurations of bioenergy plants for applications in postharvest food processing. Findings - Strategic alignment of postharvest technology to bioenergy production systems is vital to advancing both food production and bioenergy that benefit rural communities in Africa. High economic returns are possible when the bioenergy plants are either annexure to existing agro-processing operations or operate as a biorefinery. Research limitations/implications - Assessment of energy self-sufficiency of food production and processing systems is required. Practical implications - Agro-residues for bioenergy production require investments in infrastructure for storage, transportation and processing of the residues, and development of new risk management techniques. Social implications - The rural communities will be energy secure resulting in food security through reduced postharvest losses and increased agricultural productivity. Originality/value - The study stimulates innovative thinking in establishing sustainable bioenergy systems for food processes.",Y,Y,"Malawi, Mozambique, South Africa, Zambia, Zimbabwe",Africa,"Unclear, non-spatial",No,Not considered,Not included,,,,,,,
food (topic) and energy (topic) and self-sufficiency (topic),"Lourenço, VA; Nadaleti, WC; Vieira, BM; Chua, H",Methane production test of the anaerobic sludge from rice parboiling industries with the addition of biodiesel glycerol from rice bran oil in Brazil,RENEWABLE & SUSTAINABLE ENERGY REVIEWS,10.1016/j.rser.2021.111331,"Experimental research and energy plans show that the residues of rice parboiling industries in Brazil have the energy potential to promote the sector's self-sufficiency. The studies investigate the production of biogas from the anaerobic digestion of wastewater and its anaerobic sludge. There are no reports of the investigation to optimize such production by adding glycerol. This addition can increase methane production; however, high proportions of crude glycerol can cause inhibition of microbial activity. Considering that anaerobic sludge acts as inoculum in the digestion of effluent in treatment plants, the main goal of this study was to test the feasibility of adding crude glycerol from the production of rice bran biodiesel in anaerobic digestion with sludge. The reactors operated with different proportions of crude glycerol (0%, 1%, 2%, and 3%). The highest methane production occurred in the system with 1% glycerol, 945.23 +/- 5.34 mL, in 168 h - a production 539.45% higher when compared to the system without glycerol. Higher doses of glycerol resulted in fast interruption of methanogenic activity. The study determined that the addition of 1% glycerol was able to prolong the duration of the stationary phase of methanogenic microorganisms. Thus, the high energy potential of the sector can be significantly increased with the addition of the biodiesel by-product in anaerobic digestion. Such a possibility could guarantee greater security, energy autonomy, the possibility of generating revenue from the sale of surplus methane or electricity, and an environmentally proper destination for crude glycerol.",Y,Y,Brazil,South America,"feasibility of adding crude glycerol to rice bran biodiesel during the anaerobic digestion process, no spatial analysis",No,Not considered,Not included,,,,,,,
food (topic) and bioenergy (topic) and self-sufficiency (topic),"Ren, M; Huang, C; Wu, YZ; Deppermann, A; Frank, S; Havlík, P; Zhu, YY; Fang, C; Ma, XT; Liu, Y; Zhao, H; Chang, JF; Ma, L; Bai, ZH; Xu, SS; Dai, HC",Enhanced food system efficiency is the key to China's 2060 carbon neutrality target,NATURE FOOD,10.1038/s43016-023-00790-1,"Negative-emission technologies might pose trade-offs to food security and other land-based sustainability targets. A scenario analysis reveals the potential impacts of bioenergy deployment in China on global and domestic sustainable development, and how free trade and food systems efficiency measures could mitigate the potential adverse sustainability impacts. Bioenergy with carbon capture and storage, among other negative-emission technologies, is required for China to achieve carbon neutrality-yet it may hinder land-based Sustainable Development Goals. Using modelling and scenario analysis, we investigate how to mitigate the potential adverse impacts on the food system of ambitious bioenergy deployment in China and its trading partners. We find that producing bioenergy domestically while sticking to the food self-sufficiency ratio redlines would lower China's daily per capita calorie intake by 8% and increase domestic food prices by 23% by 2060. Removing China's food self-sufficiency ratio restrictions could halve the domestic food dilemma but risks transferring environmental burdens to other countries, whereas halving food loss and waste, shifting to healthier diets and narrowing crop yield gaps could effectively mitigate these external effects. Our results show that simultaneously achieving carbon neutrality, food security and global sustainability requires a careful combination of these measures.",Y,Y,China,Other Asia,"model of trade flows, environmental impacts, crop yield, no spatial analysis",No,Not considered,Not included,,,,,,,
food bioenergy multi-criteria evaluation,"Aydin-Kandemir, F; Sarptas, H",Geographic information systems-based land suitability assessment for switchgrass cultivation in marginal lands: a case study for Izmir-Turkey,CLEAN TECHNOLOGIES AND ENVIRONMENTAL POLICY,,"Energy crop cultivation is considered the main factor in the rapid increase in the share of biomass energy in the future global energy supply. However, the most critical issue for the cultivation of energy crops will be establishing sustainable energy cropping systems and protecting agricultural areas devoted to food and feed crops. Therefore, the present study aims to identify key criteria for energy crop cultivation areas and to develop a Geographic information systems (GISs)- and multi-criteria evaluation model (MCE)-based methodology. This study employs a GIS-based MCE technique, including fuzzy standardization, analytic hierarchy process (AHP), and weighted overlay for analyzing land suitability to switchgrass cultivation for the case study in Izmir-Turkey. The criteria identified in this study include climatic parameters, soil characteristics, topography, and land restrictions for land-use compatibility. Climate data were employed by TerrSet's Crop Climate Suitability Model to determine the climatic suitability of switchgrass in the city. Subsequently, an assessment model of land suitability for switchgrass cultivation was developed by integrating AHP in the ArcGIS environment. Here, the highest specific weight was attained for climatic suitability (0.22), and the lowest was found for elevation (0.094). Significantly, 69.4% (40,725 ha) of the potential cultivation area was moderately suitable and higher, and 30.5% (17,896 ha) was low suitable for switchgrass cultivation. Therefore, it was concluded that the applied methodology could be a practical approach for sustainable biofuels production and environmental protection and can be employed for different energy crops and regions. [GRAPHICS] .",Y,Y,Turkey,Other Asia,AHP with land suitability analysis,Yes,Considered,Included,,,,,,,
food energy multi-criteria evaluation,"Saint-Bois, A; Boix, M; Therond, O; Montastruc, L; Villerd, J; Touche, I",Multi-actor approach to manage the water-energy-food nexus at territory scale,COMPUTERS & CHEMICAL ENGINEERING,,"This study presents an innovative water-energy-food nexus (WEFN) generic multi-actor multi-level framework that simulates dynamic nexus systems and generates optimal resource management schemes and land-use allocation scenarios. The framework combines operational integrated multi-agent based simulations, dynamic agro-hydrological and renewable energy generation units (solar and wind) models and multi-criteria decisionmaking methods. It has been applied to a case study area of 800 km2 located downstream the Aveyron watershed, in Southwestern France. Local and regional strategic multi-criteria decision-making settings are compared. Under the local decision-making setting land-use allocation decisions are taken at agricultural parcel level whereas under the regional decision-making settings a single land allocation decision is taken for the whole territory. Possible land allocations are either crop rotations allocations, renewable energy generation units allocations or a mix of both. The framework is useful to generate scenarios of spatial allocations of renewable energy production units in an agricultural watershed facing water scarcity.",Y,Y,France,Europe,"Strategic decision making model, includes spatial analysis",Yes,Not considered,Not included,,,,,,,
food energy multi-criteria evaluation,"Ji, ZS; Li, WY; Niu, DX",Optimal investment decision of agrivoltaic coupling energy storage project based on distributed linguistic trust and hybrid evaluation method,APPLIED ENERGY,,"Photovoltaic (PV) power generation is becoming a good solution to meet energy demand. However, centralized PV production sites may pose a threat to industrial land or agricultural land. To solve the energy-environmentland conflict, agrivoltaic coupling energy storage (AVCES) projects become a feasible new land use model. The investment decision of AVCES project is a multi-criteria decision problem (MCDM). Therefore, this paper firstly constructs an evaluation index system containing four criteria: resources, economy, social, environment and ecology. Secondly, the subjective weights of each indicator are determined based on the distributed linguistic trust model and the cloud model, and the objective weights are determined based on the cloud model and the integrated determination of objective criteria weights (IDOCRIW) model. Subjective and objective weights are combined based on game theory. Finally, the TODIM model is used to get the optimal choice among multiple schemes. After the case study, the applicability and stability of the proposed framework are validated, and the research results will provide good reference values for the investment decision of AVCES projects.",Y,Y,China,Other Asia,"MCDM, no spatial analysis",No,Not considered,Not included,,,,,,,
food energy multi-criteria evaluation,"De Cos, O; Charbonneau, M; Puyo, JY; Tran, T; Montagne, D",GIS multi-threat models for agricultural land in the Nouvelle-Aquitaine region (France). A methodology of composite indicators to support targeted policies,LAND USE POLICY,,"Food sovereignty is yet again a global and local priority. Nevertheless, the useful agricultural area continues to decrease. Land take is leading to increasing pressure on farmland, which is threatened by different phenomena -such as natural risks and demographic dynamics-. Farmland is therefore threatened by a number of different factors. A multi-criteria approach is needed to consider many factors and their interactions. Nevertheless, scientific understanding of the multi-threat approach is still limited when it comes to understanding the issue of agricultural land pressure. Thus, this research implements a multi-criteria evaluation workflow to develop multicriteria models of land threat on agricultural land based on four composite indicators: land take, energy competitiveness, natural and anthropogenic hazards, and demographic decline. These indicators are synthetized in a global multi-criteria model of agricultural land pressure. The study area is the Nouvelle-Aquitaine Region, the largest French region with 9 functional urban areas and 1,597,720 agricultural plots (39,458.2 sq.km). This research is entirely based on open data according to the INSPIRE Directive, using Geographic Information Systems (ArcGIS Pro). Results show high threat level in 242,525 plots (14.93 % of agricultural area) and very high levels in 380,202 plots (20.75 % of agricultural area). Land take and natural hazards definitively contribute to the threat level. The study reveals that plots under threat tend to be smaller than less threatened ones. Results can help local authorities develop targeted strategies to maintain the region's agricultural land and productive capacity. This contribution is scalable and replicable to other regions and countries.",Y,Y,France,Europe,MCDA and GIS,Yes,Considered,Included,,,,,,,
food energy multi-criteria evaluation,"Bose, A; O'Shea, R; Lin, R; Long, A; Rajendran, K; Wall, D; De, S; Murphy, JD","Evaluation of a biomethane, food and biofertiliser polygeneration system in a circular economy system",RENEWABLE & SUSTAINABLE ENERGY REVIEWS,,"Biomethane is a viable alternative to natural gas and diesel for decarbonising hard-to-abate sectors such as agriculture, industry and heavy transport. Unlike conventional biogas upgrading, photosynthetic biogas upgrading cogenerates biomethane, biofertiliser and microalgal bioproducts with the potential to improve resource utilisation and process performance in a circular economy. In this paper, a photosynthetic biogas upgrading-based polygeneration process is proposed and analysed to co-produce biofuel (biomethane), bio-fertiliser (digestate) and food (Spirulina powder, protein supplement) using agricultural feedstock. Based on a multi-criteria performance assessment, the economic and environmental benefits of the process are demon-strated. Thermodynamic performance of the process revealed that reducing the energy for greenhouse heating to cultivate microalgae would enable a higher energy output than input. Using economic allocation, a carbon footprint of biomethane less than 10 gCO2-eq/MJ (lower than 32.9 gCO2-eq/MJ for sustainable biomethane use in transport in the EU Renewable Energy Directive (Recast) (RED-II)); Spirulina protein of 0.8 kgCO2-eq/100 g protein (compared to 50 kgCO2-eq/100 g protein for beef); and digestate of 0.4 kgCO2-eq/kgN (comparing positively to 1.5-3 kgCO2-eq/kgN for synthetic nitrogenous fertiliser) was achieved. Unlike the current RED-II mandated methodology, the analysis established that the energy, CO2 emissions, land and water footprints of each co-product are best represented using an economic allocation principle. Based on the extended nutrition profile, Spirulina as a complete food outperforms most meat and plant-based protein alternatives in terms of CO2 emissions, land, and water footprints.",Y,Y,EU,Europe,"Multi-criteria performance assessment, no spatial analysis",No,Not considered,Not included,,,,,,,
food energy multi-criteria evaluation,"Elkadeem, MR; Zainali, S; Lu, SM; Younes, A; Abido, MA; Amaducci, S; Croci, M; Zhang, J; Landelius, T; Stridh, B; Campana, PE",Agrivoltaic systems potentials in Sweden: A geospatial-assisted multi-criteria analysis,APPLIED ENERGY,,"Agrivoltaic systems represent an intelligent solution combining electricity production from solar photovoltaic technology with agricultural production to avoid land use conflicts. Geographic Information System technologies can support the implementation and spread of agrivoltaic systems by identifying the most suitable areas using useful spatially explicit information concerning techno-agro-socio-economic criteria.In this study, we have developed a procedure to identify and classify suitable areas for agrivoltaic systems in Sweden. An Ordinal Priority Approach based multi-criteria decision-making algorithm is established to calculate the weights of the selected evaluation criteria through expert interviews. The land use data refers to the Corine Land Cover 2018 product.The results show that about 8.6% of the Swedish territory, approximately 38,485 km2, is suitable for installing agrivoltaic systems. Among this area, about 0.2% is classified as excellent, about 15% as very good, about 72% as good, about 13% as moderate, and about 0.1% as poor. Most excellent-classified areas are in Kalmar, Skane, and Gotland. In contrast, most very good sites are in Skane, Kalmar, and center dot Ostergo center dot tland.By deploying vertically mounted agrivoltaic systems with bifacial photovoltaic modules, the total potential installed capacity for excellent areas is about 2.5 GWp, while for areas classified excellent and very good is about 221 GWp. The total excellent areas can potentially supply about 2.4 TWh of electricity against the electricity consumption in 2021 of about 143 TWh. On the other hand, the land classified as excellent and very good could potentially provide about 207 TWh. The County of Va center dot stra Go center dot taland shows the greatest po-tentials in terms of total potential electricity supply from agrivoltaic systems with about 227 TWh, followed by Skane with a total potential of 206 TWh.",Y,Y,Sweden,Europe,Ordinal Priority Approach MCDA with spatial analysis,Yes,Not considered,Not included,,,,,,,
food energy multi-criteria evaluation,"Parajuli, R; Knudsen, MT; Dalgaard, T","Multi-criteria assessment of yellow, green, and woody biomasses: pre-screening of potential biomasses as feedstocks for biorefineries",BIOFUELS BIOPRODUCTS & BIOREFINING-BIOFPR,,"The need for sustainable production of food, feed, and fuel for a growing global population with minimum pressure on land use and other ecological impacts is a major challenge. The aim of the current study is to pre-screen available biomass types to prepare for a system-wide sustainability assessment in related biorefinery value chains. The study describes the use of multiple-criteria decision-making techniques as tools for assessing criteria and to draw preferences among the alternatives. Thirteen biomass types (classified as yellow, green, and woody) are evaluated with respect to 15 criteria. The criteria are classified under the three assessment parameters: supply potential, biomass properties, and potential environmental gain/losses. Pair-wise comparisons of the alternatives are carried out in an outranking method (PROMETHEE) on the basis of their ratings (on a 1-5 scale) and weights assigned to the criteria. Weighting factors of the criteria are calculated by using the Analytical Hierarchy Process (AHP). The study shows that the net outranking flow for the most preferred biomass types are: grass-clover 2.8, wheat-straw 1.2 and willow 1, representing the biomass categories green, yellow and woody, respectively. The overall order of the preferred biomass types is grass-clover, pure grass, alfalfa from the green category; straw based on wheat and barley from the yellow category; and willow from the woody category. Furthermore, irrespective of whether or not the raw materials are processed in integrated biorefineries, preferences on biomass types are also important in the context of their sustainable conversions in related biorefinery platforms (e.g. straw in a sugar-based lignocellulosic biorefinery and grass-clover in a green biorefinery). (C) 2015 Society of Chemical Industry and John Wiley & Sons, Ltd",Y,Y,Nonspecified,Not specified,"AHP, no spatial analysis",No,Not considered,Not included,,,,,,,
food energy multi-criteria evaluation,"Rahemi, H; Torabi, SA; Avami, A; Jolai, F",Bioethanol supply chain network design considering land characteristics,RENEWABLE & SUSTAINABLE ENERGY REVIEWS,,"Biomass is becoming an increasingly widespread source of energy. Yet land, as one of the most important resources in biomass production, is surprisingly understudied in the literature of biomass supply chain planning. This study proposes a novel framework that combines the literature of bioethanol supply chain design with agricultural land planning to simultaneously address optimal supply chain planning and sustainable land use in a bioethanol supply chain. A bi-objective mixed-integer linear programming (MILP) model is proposed to formulate the optimal design and planning of a bioethanol supply chain network considering competition of food and biomass feedstock over the available croplands. The proposed model is capable of making strategic decisions (i.e. locations and capacities of facilities, sourcing and allocation of biomass feedstocks to biorefineries), along with some tactical decisions (i.e. land planning, inventory and production of both biomass feedstock and bioethanol). The model incorporates the two objectives of minimum cost and maximum suitability of crops with their assigned croplands. A novel integration of the FAO framework, the best-worst multi-criteria decision-making method, PROMETHEE II and GIS is used to determine the suitability of available croplands according to the croplands' soil and topographical characteristics. The performance of the proposed model is demonstrated through a multi-feedstock bioethanol supply chain in Fars province, Iran. It is concluded that the proposed integrated land planning-network design framework outperforms hierarchical approaches in which network design and land planning problems are solved separately in a sequential manner. Also, the case study shows that conditional on implementing second generation bioethanol production, Fars province has the potential to satisfy three percent of the fuel demand for transportation in the country.",Y,Y,Iran,Other Asia,MCDM and GIS,Yes,Not specified,Not included,,,,,,,
food energy multi-criteria evaluation,"Liard, G; Lesage, P; Samson, R; Stuart, PR",Systematic assessment of triticale-based biorefinery strategies: environmental evaluation using life cycle assessment,BIOFUELS BIOPRODUCTS & BIOREFINING-BIOFPR,,"Triticale (X TriticosecaleWittmack) is a non-food energy crop with potential as a biorefinery feedstock. In addition to technical, economical, and commercial risks, it is of critical importance that environmental issues be considered in the decision-making process regarding the development of the triticale-based biorefinery. In this study, life cycle assessment (LCA) has been used for this purpose. To facilitate overall decision-making including economic and other metrics, the number of environmental indicators should be minimized, and yet at the same time, these indicators should be representative, comprehensive, and easy to interpret. To identify such a set of environmental indicators from LCA results, a multi-criteria decision-making (MCDM) panel study was carried out and an external set of normalization factors used to assist in this decision-making context. The influence of eight technology choices on the environmental impacts resulting from the production of ethanol, polylactic acid (PLA), and thermoplastic starch (TPS) blend was assessed. Moreover, the environmental benefits of improved triticale yield and its ability to grow on marginal land were assessed. Although the complete spectrum of environmental impact categories was evaluated, the MCDM panel selected four criteria to be brought forward to an overall decision-making panel. The greenhouse gas (GHG) emissions metric was judged as the most important, followed by non-renewable resource depletion, cropland occupation, and human health. Moreover, it was shown that certain technology choices such as ultra-filtration and cogeneration significantly influence the environmental impacts of the triticale biorefinery. (c) 2018 Society of Chemical Industry and John Wiley & Sons, Ltd",Y,Y,Not specified,Not specified,"LCA and MCDM, no spatial analysis",No,Not considered,Not included,,,,,,,
food fuel AHP,"Meixner, O; Hackl, S; Haas, R",Assessing the Sustainability of Palm Oil by Expert Interviews-An Application of the Analytic Hierarchy Process,SUSTAINABILITY,,"Palm oil plays a crucial role in the food industry, industrial applications, and bioenergy, accounting for over one-third of global vegetable oil production. The production area has quadrupled, and the volume is about seven times higher today than in the early 1990s. This significant increase is attributed to several factors, including the oil palm's notably higher yield per hectare compared to other oilseeds, cost-effectiveness, versatility, and excellent manufacturing characteristics. Despite its economic benefits, industrial palm oil production raises substantial ecological and social concerns, such as deforestation, habitat loss, and labor issues. This study presents a comprehensive sustainability assessment that concurrently considers economic, environmental, and social aspects. Through qualitative expert interviews, various stakeholders in the supply chain evaluated the sustainability criteria of palm oil production and application using the Analytical Hierarchy Process (AHP), a decision support tool helping to analyze, structure, and solve complex decision problems. The results reveal that, on average, the experts consider environmental criteria to be of the highest importance, followed by social sustainability, while economic criteria are of lower significance. However, the approximations regarding the weighting of the criteria showed considerable variations among experts. The AHP priority index for RSPO-certified palm oil is nearly as high as the reference product EU canola oil; this observation is consistent with all expert judgments. This study provides an adequate approach to assessing the sustainability of agricultural supply chains, offering practical recommendations for the food industry and policymakers.",Y,Y,Non specified,Not specified,"AHP, no spatial analysis",No,Considered,Included,,,,,,,
food fuel AHP,"Machado, RL; Abreu, MR",Multi-objective optimization of the first and second-generation ethanol supply chain in Brazil using the water-energy-food-land nexus approach,RENEWABLE & SUSTAINABLE ENERGY REVIEWS,,"Biofuels are essential in achieving some of the United Nations' Sustainable Development Goals (SDGs) by integrating water consumption, energy and food production, and land usage. The water-energy-food-land Nexus approach (WEFL Nexus) supports integrated production planning of natural resources and promotes sustainability. In Brazil, sugarcane ethanol production is considered one of the biofuel nation's solutions to reduce dependence on fossil fuels. Ethanol production constitutes a renewable and sustainable energy source. This research analyzes the efficiency and sustainability of the Brazilian ethanol supply chain, comparing a conventional scenario focusing only on economic efficiency (restricted to first-generation ethanol production) with another scenario considering WEFL Nexus objectives (and first and second-generation ethanol production). The study developed a multi-objective mathematical model to analyze the supply chain efficiency, combined with a multi-criteria decision approach analysis. The results indicate a gain in efficiency and sustainability with the second-generation manufacturing plants. In the Nexus scenario, supply chain efficiency increased due to the 35.63 % additional production of second-generation ethanol and the 2.94 % manufacturing cost minimization. Also, the Nexus scenario met sustainable and social demands that were not fulfilled by the non-Nexus scenario. An AHP model investigated the adequacy of the mathematical results and confirmed that the Nexus scenario was the most suitable solution for the Brazilian supply chain, with 63 % of the stakeholder's preferences. Results indicated that the Nexus approach is essential for achieving the long-term SDGs.",Y,Y,Brazil,South America,"AHP, no spatial analysis",No,Not considered,Not included,,,,,,,
food fuel AHP,"Fernández-Tirado, F; Parra-López, C; Romero-Gámez, M",A multi-criteria sustainability assessment for biodiesel alternatives in Spain: Life cycle assessment normalization and weighting,RENEWABLE ENERGY,,"The bioenergy sector in the European Union has undergone strong growth in line with the legislative framework, with environmental, economic and social implications at global scale. In Spain, almost 100% of biodiesel is produced from food and feed crops feedstocks. First-generation biodiesel will go on being a key partial rapid solution to replace fossil fuel in transport sector. However, impacts differ significantly among the type of agricultural system, the raw materials used and their life cycle. The aim of this study is to identify the best first-generation biodiesel alternative to replace petrodiesel in transport sector in the short term in Spain. Life Cycle Assessment normalization and weighting can facilitate decision making in situations where trade-offs among impact category results do not allow choosing one preferable solution among the alternatives. A panel weighting impact approach based on expert opinions was used to assess the sustainability of three biodiesel production systems. The results indicate that, according to expert's opinion, the rapeseed-based biodiesel produced entirely in Spain is the most sustainable alternative of biodiesel, with higher normalized weight (0.398), over soybean-based biodiesel produced in Argentina (0.291) or in Spain (0.312) using soybean oil imported from Argentina, because it could significatively increase job creation and gross value added. (C) 2020 Published by Elsevier Ltd.",Y,Y,Spain,Europe,"LCA, no spatial analysis",No,Not considered,Not included,,,,,,,
food fuel AHP,"Reher, T; Lavaert, C; Ottoy, S; Martens, JA; Van Orshoven, J; Cappelle, J; Diels, J; van de Poel, B",Room for renewables: A GIS-based agrivoltaics site suitability analysis in urbanized landscapes,AGRICULTURAL SYSTEMS,,"CONTEXT: Flanders, a densely populated region in Belgium, faces challenges in balancing agricultural production with renewable energy targets. Agrivoltaic systems combine solar energy and agricultural activity on the same field and can increase land productivity while simultaneously expanding the share of renewables. However, its potential and implications for the region is geographically complex. OBJECTIVE: This research aims to assess the suitability of Flanders' 658,000 ha agricultural land for agrivoltaic systems, using a geographical multi criteria decision analysis (MCDA), considering environmental, technical, agronomic, and cultural criteria to optimize land use for simultaneous food and energy production. METHODS: We describe a Geographic information system Multiple-criteria decision analysis (GIS-MCDA) using QGis-software. Expert stakeholder input was incorporated by applying the pairwise comparison method from the analytical hierarchical process (AHP). Criterion weights are applied to seven classifiers: irradiance, soil suitability, slope, orientation (aspect), crop type, flood risk and distance to roads/grid. Areas with particular societal, ecological, economic, and historical importance are excluded. The resulting scores are then placed in their agronomic and energy context. RESULTS AND CONCLUSION: Our analysis indicates that 60.4 % of Flanders' farmland is well suited for agrivoltaic development, and that 9 % of farmland under AV would suffice to meet future energy targets in combination with rooftop PV. After our analysis, 11.5 % of total agricultural land was classified as less suitable, 28.74 % as somewhat suitable, 19.40 % as suitable and 12.22 % as very suitable. SIGNIFICANCE: Transitioning away from fossil fuels requires a multi-facetted approach. Agrivoltaic systems can contribute to this shift, opening up additional land without significantly compromising farm revenue. This study presents insights into the feasibility and geographic potential of agrivoltaic systems in densely populated regions with intensive agriculture like Flanders and can serve as a base for future discussion regarding dual land use planning decisions locally and abroad.",Y,Y,Belgium,Europe,MCDA with GIS,Yes,Not considered,Not included,,,,,,,
food energy AHP,"Papadopoulou, CA; Kourtis, IM; Laspidou, C; Tsihrintzis, VA; Papadopoulou, MP",An integrated methodology for systematic stakeholder engagement in environmental decision-making under the Water-Energy-Food-Ecosystems nexus framework,ENVIRONMENTAL DEVELOPMENT,,"The 'nexus' approach is a promising exemplar underpinning systemic thinking and advancing integrated resource use. In this context, stakeholder engagement comprises a significant challenge as stakeholders are affecting and affected by resource availability and exploitation. This paper focuses on the operationalisation/systematisation of abstract concepts expressed during participatory workshops and its contribution to the efficient management of the Water-Energy-Food-Ecosystems (WEFE) nexus by supporting the design of future policies and integrated solutions. A novel methodological framework is presented combining the Analytic Hierarchy Process (AHP) and the Multicriteria Analysis of Policies method (MULTIPOL) in order to seek solutions and build innovative policy options. AHP and MULTIPOL complement each other as the first indicates which solutions are most effective while the latter indicates how such solutions may be implemented by adopting relevant policies. The application of the proposed methodology is demonstrated in the environmental management of a transboundary river basin. Results show that the suggested methodological framework is robust, applicable to wider contexts and spatial scales, and coherent. The construction of (new) green-gray infrastructures (irrigation infrastructures, Nature-based Solutions (NbS), fish corridor, reclamation works, energy infrastructures) was classified as the most effective solution while protection of water quality, minimisation of water losses, limitation of flood risks, ecosystems preservation and the adoption of eco-friendly/multi-functional patterns of spatial development constitute important priorities for (transboundary) river basins. The analysis adds to the current literature addressing qualitative research on the WEFE nexus and the systematisation of stakeholder input by employing qualitative/quantitative methods.",Y,Y,Global,Global,"AHP, no spatial analysis",No,Considers forests and ecosystem preservation,Included,,,,,,,
food energy AHP,"Chanthawong, A; Dhakal, S",Stakeholders' perceptions on challenges and opportunities for biodiesel and bioethanol policy development in Thailand,ENERGY POLICY,,"Thailand is Southeast Asia's largest promoter of biofuels. Although, Thailand promotes the use of biofuels, it has yet to achieve its policy targets. This paper focuses on the first generation biofuel development in Thailand and examines the perceptions of seven stakeholder groups to guide further policy development. These stakeholders were feedstock producers, biofuel producers, government agencies, car manufacturers, oil companies, non-profit organizations and end users. It combines a Strengths, Weakness, Opportunities and Threats (SWOT) framework with an Analytical Hierarchy Process (AHP) framework and a TOWS Matrix for analysis of stakeholder's perceptions to propose priorities for policy development. Five policies were of high priority for development of biofuel. These are: (1) promoting biofuel production and use in long term through government policies, (2) revising government regulations to allow sale of biofuel products to other domestic industries while keeping retail prices of blended biofuels below those of regular ethanol and biodiesel, (3) improving farm management and promoting contract farming, (4) expanding cultivation area and yield without affecting food production and environmental sustainability, and (5) balancing biofuel feedstock use between the food and energy industries. (C) 2016 Elsevier Ltd. All rights reserved.",Y,Y,Thailand,Other SE Asia,"SWOT and AHP, no spatial analysis",No,Not considered,Not included,,,,,,,
food energy AHP,"Dere, S; Günay, EE; Kula, U; Kremer, GE",Assessing agrivoltaics potential in Türkiye - A geographical information system (GIS)-based fuzzy multi-criteria decision making (MCDM) approach,COMPUTERS & INDUSTRIAL ENGINEERING,,"To fulfill the energy requirements through solar photovoltaic (PV) systems, significant land use is needed for solar arrays, access roads, substations, and service buildings. When available land is limited, its use for PV systems creates a major conflict, particularly for crop production. Agrivoltaic (APV) systems are engineered to allocate the same land effectively for both PV energy generation and agricultural activities. Thus, they enable the simultaneous production of food and energy. This study investigates the APV potential of T & uuml;rkiye using fuzzy multi-criteria decision-making (MCDM) approach and Geographic Information System (GIS) data. The top five cities with the largest cultivated area are identified for assessment of potential APV investments using the fuzzy analytic hierarchy process (FAHP) and technique for order preference by similarity to the ideal solution (TOPSIS) methods. The FAHP method captures the uncertainty and vagueness in experts' judgments for criteria prioritization. Next, suitability maps are created using the criteria weights and GIS data to identify potential sites for the APV construction. Finally, the best location is selected Siverek East- S,anl & imath;urfa , anl & imath;urfa from fifteen candidate locations from five cities by the TOPSIS method. Sensitivity analysis is conducted to examine the impact of criteria weights on APV suitability maps. The findings of the study provide valuable insights for practitioners in selecting investment locations to harness solar energy sustainably and concurrently facilitate crop production.",Y,Y,Turkey,Other Asia,AHP and spatial data,Yes,"Considered, excluded",Included,,,,,,,
food energy AHP,"Romero-Ramos, JA; Gil, JD; Cardemil, JM; Escobar, RA; Arias, I; Pérez-García, M",A GIS-AHP approach for determining the potential of solar energy to meet the thermal demand in southeastern Spain productive enclaves,RENEWABLE & SUSTAINABLE ENERGY REVIEWS,,"In this work, the potential of southeastern Spain to host solar thermal plants to meet the heat demands of its industrial enclaves is assessed and presented. For this, the generation of thermal energy for industrial uses in the medium temperature range is estimated, with special emphasis on those areas not connected to the thermal energy distribution networks. This region has been selected due to its high availability of solar resources, while forming a geographic area that presents numerous agrifood industries. These facilities, according to their temperature range heat demands for boiling, pasteurizing, and other food-related processes, are one of the best-suited sectors for the application of medium-temperature solar collectors, both parabolic trough and linear Fresnel. A Geographic Information System and the Analytic Hierarchy Process Method have been used for information management and decision making, respectively. A geographic database was built using layers provided by different information sources on climate, land characteristics and use, industrial activity, and energy infrastructures, including the distance to natural gas distribution pipelines as a specific criterion for decision making. The final result translates into a geographic suitability scale, which revealed that about 5%(1482 km2) of the total territory in southeastern Spain is highly suitable for the future development of productive enclaves fed by solar thermal installations, where it is estimated that the energy demand could be met in 42%(9.5 TWh/y) with parabolic trough and 65%(14.7 TWh/y) linear Fresnel collectors in areas with a score since 7 points.",Y,Y,Spain,Europe,AHP and spatial data,Yes,Not considered,Not included,,,,,,,
food energy AHP,"Kumar, A; Vema, VK; Kurian, C; Thomas, J; Sudheer, KP",A decision support system for the identification of critical zones in a watershed to implement land management practices,STOCHASTIC ENVIRONMENTAL RESEARCH AND RISK ASSESSMENT,,"The increasing demand for food and clean energy, such as biofuel calls for a sustainable food-energy nexus in the agriculture sector. Mixed cropping pattern of food and biofuel crops is a viable strategy to meet the escalating demands of the biofuel production at the cost of food production. The implementation of the proposed solutions of simulation-optimization frameworks, at larger spatial scales, is a challenging task. One of the commonly adopted approaches is to implement the solution initially in critical zones that are sensitive to the land management practices and are critical for achieving the objectives. Despite the different techniques to identify the critical zones, this study proposes a new approach to identify the critical zones within a watershed, where the land use changes are essential to improve the social and physical environment while meeting the concurring demands for food and biofuel production. A decision support system (DSS), utilizing the concept of analytical hierarchy process (AHP) is developed to choose the number of optimal solutions from the Pareto-optimal Front to reduce the uncertainty involved in solution adaption by the decision-maker and identification of the critical zone. The results from the study indicate how solution strategies can influence the objective of optimal balance between crop demand and nutrient minimization using different cases. The proposed land use using the developed framework reduced the Total Nitrogen and Total Phosphorous loads by 29% and 38%, respectively from the watershed by converting about 44% of the baseline land use to different cropping patterns with the restriction on minimal food grain and biomass production. The outcome of the framework indicates that the adaptation of more robust objective function for spatial optimization through the developed DSS can reduce the nutrient load in the downstream water.",Y,Y,United States,North America,"AHP and decision support system, includes spatial analysis",Yes,Not considered,Not included,,,,,,,
food energy AHP,"Mehta, K; Zörner, W",Optimizing Agri-PV System: Systematic Methodology to Assess Key Design Parameters,ENERGIES,,"Agrivoltaic (Agri-PV) systems face the critical challenge of balancing photovoltaic energy generation with crop productivity, yet systematic approaches to quantifying the trade-offs between these objectives remain scarce. In this study, we identify nine essential design indicators: panel tilt angle, elevation, photovoltaic coverage ratio, shading factor, land equivalent ratio, photosynthetically active radiation (PAR) utilization, crop yield stability index, water use efficiency, and return on investment. We introduce a novel dual matrix Analytic Hierarchy Process (AHP) to evaluate their relative significance. An international panel of eighteen Agri-PV experts, encompassing academia, industry, and policy, provided pairwise comparisons of these indicators under two objectives: maximizing annual energy yield and sustaining crop output. The high consistency observed in expert responses allowed for the derivation of normalized weight vectors, which form the basis of two Weighted Influence Matrices. Analysis of Total Weighted Influence scores from these matrices reveal distinct priority sets: panel tilt, coverage ratio, and elevation are most influential for energy optimization, while PAR utilization, yield stability, and elevation are prioritized for crop productivity. This methodology translates qualitative expert knowledge into quantitative, actionable guidance, clearly delineating both synergies, such as the mutual benefit of increased elevation for energy and crop outcomes, and trade-offs, exemplified by the negative impact of high photovoltaic coverage on crop yield despite gains in energy output. By offering a transparent, expert-driven decision-support tool, this framework enables practitioners to customize Agri-PV system configurations according to local climatic, agronomic, and economic contexts. Ultimately, this approach advances the optimization of the food energy nexus and supports integrated sustainability outcomes in Agri-PV deployment.",Y,Y,Non specified,Not specified,"dual matrix AHP, no spatial analysis",No,Not considered,Not included,,,,,,,
food energy AHP,"Raja, NR; Peter, NR; Rengarajan, J; Radhakrishnan, A; Saravanan, AK; Kondusamy, A; Paran, BC",Spatial modelling of seaweed farming potential areas in Chengalpattu district using a Fuzzy AHP-GIS framework,INDIAN JOURNAL OF GEO-MARINE SCIENCES,,"Seaweeds, with their diverse applications in food, energy, medicine and the chemical industry, hold immense potential as a renewable resource. However, the escalating demand for seaweed products has surpassed the sustainable yield from natural sources. This supply-demand gap necessitates the exploration and expansion of seaweed cultivation. While marine ecosystems currently dominate seaweed farming practices, investigating alternative cultivation environments is essential, as brackishwater offers an untapped opportunity for the sustainable production of this valuable resource. This study aims to systematically identify and assess potential areas suitable for seaweed farming in the Chengalpattu district brackishwater ecosystem using the Fuzzy Analytic Hierarchy Process (FAHP) in conjunction with geospatial techniques. FAHP combines AHP with fuzzy logic to better handle uncertainty and subjectivity in decision-making. Twenty-two representative locations along the coast in the brackishwater ecosystem were identified, and samples were collected and assessed at monthly intervals. This comprehensive study involved a meticulous evaluation of several key criteria viz., water quality, environmental factors, resource accessibility and relevant constraints. To facilitate a nuanced and spatially explicit analysis, each criterion was further sub-classified and systematically mapped using ArcGIS. Results revealed a total of 141.56 hectares as potential areas for seaweed farming, with 91.93 hectares classified as highly suitable and 49.63 hectares as moderately suitable. The findings contribute to the advancement of sustainable aquaculture practices by promoting the cultivation of seaweed in underutilised brackishwater environments. This strategic approach not only caters to the escalating market demand for seaweed but also cultivates economic prospects and livelihood enhancement for coastal communities.",Y,Y,India,Other Asia,Fuzzy AHP and geospatial analysis,Yes,Not considered,Not included,,,,,,,
food energy AHP,"Wolde, Z; Wei, W; Ketema, H; Yirsaw, E; Temesegn, H","Indicators of Land, Water, Energy and Food (LWEF) Nexus Resource Drivers: A Perspective on Environmental Degradation in the Gidabo Watershed, Southern Ethiopia",INTERNATIONAL JOURNAL OF ENVIRONMENTAL RESEARCH AND PUBLIC HEALTH,,"In Ethiopia, land, water, energy and food (LWEF) nexus resources are under pressure due to population growth, urbanization and unplanned consumption. The effect of this pressure has been a widely discussed topic in nexus resource literature. The evidence shows the predominantly negative impact of this; however, the impact of these factors is less explored from a local scale. As a result, securing nexus resources is becoming a serious challenge for the country. This necessitates the identification of the driving factors for the sustainable utilization of scarce LWEF nexus resources. Our study provides a systemic look at the driving factor indicators that induce nexus resource degradation. We use the Analytical Hierarchical Process (AHP) to develop the indicators' weights, and use a Path Analysis Model (PAM) to quantitatively estimate the effect of the driving factor indicators on the LWEF nexus resources. The results indicate that social (48%), economic (19%), and policy and institutional changes (14%) are the major nexus resource driving factor indicators. The path analysis results indicate that among the social driving factor indicators, population growth and consumption patterns have a significant direct effect on the LWEF nexus, with path coefficients of 0.15 and 0.089, respectively. Similarly, the potential of LWEF nexus resources is also influenced by the institutional and policy change drivers, such as outdated legislation and poor institutional structure, with path coefficients of 0.46 and 0.39, respectively. This implies that population growth and consumption patterns are the leading social drivers, while outdated legislation and poor institutional structures are the institutional and policies change drivers which have a potential impact on LWEF nexus resource degradation. Similarly, other driving factors such as environmental, economic and technological factors also affect nexus resources to varying degrees. The findings of our study show the benefits of managing the identified driving factors for the protection of LWEF nexus resources, which have close links with human health and the environment. In order to alleviate the adverse effects of driving factors, all stakeholders need to show permanent individual and collective commitment. Furthermore, we underline the necessity of applying LWEF nexus approaches to the management of these drivers, and to optimize the environmental and social outcomes.",Y,Y,Ethiopia,Africa,"AHP and path analysis, no spatial analysis",No,Considered,Included,,,,,,,
food energy AHP,"Cortez-Núñez, JA; Gutiérrez-Castillo, ME; Mena-Cervantes, VY; Terán-Cuevas, AR; Tovar-Gálvez, LR; Velasco, J",A GIS Approach Land Suitability and Availability Analysis of Jatropha Curcas L. Growth in Mexico as a Potential Source for Biodiesel Production,ENERGIES,,"Jatropha curcas L. (JCL) commercial plantations in Mexico, one of the most important JCL origin centers, have failed due to a variety of biological, political and technical factors affecting their productivity. This study explores feasible sites of JCL cultivation as a potential source for biodiesel production in Mexico, given agroclimatic and agroecological considerations. We propose a GIS-based approach for estimating suitable and available lands to grow JCL by integrating an Analytical Hierarchy Process (AHP) in the ArcGIS software. Spatial analysis combined multiple data, different evaluation criteria, three land availability classes (high, medium and low potential) and took into account ecological, ethical, and political restrictions, and considering two scenarios with different restriction levels. Suitability and availability maps were generated using agroclimatic information (climatic, land use/soil, and climate change and extreme weather events risk) together with other socioeconomic factors. Approximately 15.3% of Mexican territory is available for JCL production yielding a biodiesel production of 9.683 Mm(3)/year. Amelioration of the available land is necessary to improve land selection. GIS-based analysis represents a first approach to establish a successful biodiesel project that avoids, competition with food or feed production, maintains biodiversity conservation, and promotes biofuel supply chain development. This procedure would also be applicable to other energy crops such as oil palm and Ricinus communis.",Y,Y,Mexico,North America,AHP and GIS,Yes,Considered,Included,,,,,,,
food energy AHP,"Li, FJ; Guo, KX; Liao, XY",Risk Assessment of China Rapeseed Supply Chain and Policy Suggestions,INTERNATIONAL JOURNAL OF ENVIRONMENTAL RESEARCH AND PUBLIC HEALTH,,"Rapeseed, as the most important oil crop in the world, not only affects national food security but also affects energy security and environmental security. It is very important to conduct a risk assessment of China's rapeseed supply chain and put forward suggestions to construct a safe, effective, and accessible supply chain. In order to accurately evaluate the safety of the rapeseed supply chain from 2010 to 2020, we applied fuzzy multiconnection theory and analytic hierarchy process model (AHP). A comprehensive risk assessment model for the rapeseed supply chain with two primary indicators and 10 secondary indicators was constructed. By establishing the rapeseed risk evaluation model, we quantitatively analyzed the risk of China's rapeseed supply chain. The domestic risk of production is still high, and the international risk under the high import dependence is alarming. We put forward risk prevention and countermeasures for China's rapeseed supply chain. The results show that China has a large demand for rapeseed products, but the increase in China production is limited and the import from other countries is unstable. The proposed suggestions are designed to optimize and enhance the stability of the rapeseed product's supply chain. It is recommended to continue to consolidate and deepen the cooperation with traditional trading partners such as Germany, Spain, the United States, and Brazil; expand other import sources to build a more diversified and efficient rapeseed product import network and extend the supply chain of rapeseed products. This research can be a basis for making decisions for promoting the sustainable and efficient development of the rapeseed supply chain.",Y,Y,China,Other Asia,"fuzzy AHP, no spatial analysis",No,Not considered,Not included,,,,,,,
food fuel suitability,"Soman, S; Byju, G; Sreekumar, J",Projected changes in mean temperature and total precipitation and climate suitability of cassava (Manihot esculenta) in major growing environments of India,INDIAN JOURNAL OF AGRICULTURAL SCIENCES,,"Cassava (Manihot esculenta Crantz) is an important food crop of India cultivated in an area of 228 000 ha for food, feed and fuel, contributes to food security, equity, poverty alleviation and environmental protection. This study examined the projected climatic changes in the major cassava growing environments of India and also calibrated and evaluated the EcoCrop model to study the impact of 2030 climate on cassava climate suitability in the major growing environments of India. The current climate and future climate projections of 22 GCMs from the SRES-A1B emission scenario were used for the study. The projected change in annual mean temperature and total annual precipitation in the major growing areas ranged from 0.9 to 1.2 degrees C and from 6.8 to 112.4 mm, respectively. The calibrated data were used to drive the EcoCrop model to find out the suitability of current and future climatic conditions. The change in suitability for all the 22 GCMs used was calculated on pixel basis and the mean suitability change indicate that cassava is actually positively impacted in the current growing areas of India with -2.2 to 15% changes in climate suitability. This study concluded that cassava is potentially highly resilient to future climatic changes and it can become a future crop in India, where other crops would fail due to climate change.",Y,Y,India,Other Asia,"EcoCrop Model, includes spatial analysis",Yes,Not considered,Not included,,,,,,,
food fuel suitability,"Jaroenkietkajorn, U; Gheewala, SH",Land suitability assessment for oil palm plantations in Thailand,SUSTAINABLE PRODUCTION AND CONSUMPTION,,"Oil palm plantations have been expanded in all regions of Thailand during the past decade to support the higher consumption of palm oil for food and fuel. It is, however, imperative to expand in those areas that have soil quality suitable for oil palm cultivation. Therefore, this study aimed to assess land suitability for the different regions of Thailand where oil palm is being cultivated. The suitability is justified by two aspects, viz., soil quality and remaining suitable areas. The Land Use Indicator Value Calculation in Life Cycle Assessment (LANCA (R)) method was used for the assessment. The results demonstrated that the soil quality in the southern region was most suitable for oil palm cultivation. Although this region has a lower availability of plantation areas as compared to the other regions, it is still enough to satisfy the forecasted oil palm expansion areas. Meanwhile, although the northeastern region ranked second in terms of appropriate soil quality, it may not be appropriate for oil palm due to the low groundwater regeneration. Hence, it is also important to look at the individual properties contributing to soil quality rather than deciding only on the basis of one aggregated indicator. (C) 2021 Institution of Chemical Engineers. Published by Elsevier B.V. All rights reserved.",Y,Y,Thailand,Other SE Asia,LANCA Life cycle assessment; GIS,Yes,Considered,Included,,,,,,,
food fuel suitability,"Khalid, F; Ullah, S; Khalil, S; Yousaf, A; Shafique, M; Khan, MT; Rehman, F; Ahmad, N; Rahman, KU; Hussain, M",Optimizing Jatropha curcas bioenergy plantations in Pakistan: A geospatial suitability analysis using advanced spatial modeling,TREES FORESTS AND PEOPLE,,"Bioenergy from energy plants, an alternative fuel, is projected to increasingly meet future worldwide energy demands as well as those of a developing nation like Pakistan. Jatropha curcas (JC) has been found to possess many desirable qualities, including high oil content seeds (27-40 %), rapid growth, ease of growing, tolerance to drought, ability to grow on poor soil and wasteland, needing less nutrient input and management, and not interfering with current food crops, insects, or pest resistance. Hence, growing JC in highly appropriate barren lands could reduce the global reliance on fossil fuels. However, an evaluation of the suitability of the land would be required for tree establishment to be effective. In this study, we integrated an Analytical Hierarchy Process (AHP) with the ArcGIS tool for assessing suitable available sites to cultivate JC across Pakistan. Using geospatial technologies, this study intended to assess and map possible areas appropriate for JC bioenergy plantations with the necessary climate, soil type, and topography factors. Pakistan was classified into 3 levels of suitability for JC plantations based on the results of a spatial analysis that integrated various data sets and varied evaluation criteria: Most Suitable, Moderately Suitable, and Less Suitable. Our results showed that out of the total area of Pakistan, around 54,392,075 hectares (57 %), 22,516,700 hectares (23 %), and 19,594,100 hectares (20%) were identified as highly suitable, moderately suitable, and less suitable, respectively, for JC bioenergy plantations. We conclude that the methods used in this study provided a considerably reliable estimate of suitable sites for JC production in Pakistan. It can assist smallholder-based initiatives to promote JC cultivation on farmer-owned to enhance their living circumstances. Multi-criteria decision analysis (MCDA) was found to be a beneficial tool in breaking down the issues of identifying and classification of the locations for afforestation in the management of forests.",Y,Y,Pakistan,Other Asia,"AHP with AcrGIS tool for suitability, MCDA",Yes,Not considered,Not included,,,,,,,
food fuel suitability,"Ehrensperger, A; Randriamalala, JR; Raoliarivelo, LIB; Husi, JM",Jatropha mahafalensis for rural energy supply in south-western Madagascar?,ENERGY FOR SUSTAINABLE DEVELOPMENT,,"In many parts of the eastern African region wood-based fuels will remain dominant sources of energy in coming decades. Pressure on forests, especially in semi-arid areas will therefore continue increasing. In this context the role of liquid biofuels as substitutes for firewood and charcoal, to help reducing pressure on woody biomass and contributing to a better energy security of rural communities, has remained controversial among researchers and practitioners. At household level, the economic and technical feasibility of straight vegetable oil (SVO) was assessed mainly on Jatropha curcas, with unpersuasive results. So far nothing is known about the suitability as an energy carrier ofJatropha mahafalensis Jum. & H. Perrier, the only endemic representative of the Jatropha genus in Madagascar. This paper explores the potential of this plant as a biofuel feedstock in the agro-pastoral area of Soalara, in the semi-arid south-western part of Madagascar. Only hedge-based production was considered to rule out competition over land with food crops. Yield data, the length of currently existing hedges and energy consumption patterns of households were used to assess the quantitative potential and economic viability of J. mahafalensis SVO for lighting and cooking. Tests were conducted with cooking and lighting devices to assess their technical suitability at household level. The paper concludes that J. mahafalensis hedges have some potential to replace paraffin for lighting (though without much economic benefit for the concerned households), but not to replace charcoal or firewood for cooking. The paper recommends that rural energy strategies in similar contexts do not focus only on substituting current fuels with SVO, but should also take into consideration other alternatives. In the case of cooking, there seems to be substantially more potential in increasing the efficiency of current fuel production and consumption technologies (kilns and stoves); and in the case of lighting, solutions based on SVO need to be compared against other options such as portable solar devices. (C) 2015 The Authors. Published by Elsevier Inc. on behalf of International Energy Initiative.",Y,Y,Madagascar,Africa,Spatial and quantitative analysis,Yes,Not considered,Not included,,,,,,,
food fuel suitability,"Jaroenkietkajorn, U; Gheewala, SH",Interlinkage between water-energy-food for oil palm cultivation in Thailand,SUSTAINABLE PRODUCTION AND CONSUMPTION,,"Biofuels for use in on-road transportation have been promoted in Thailand over the past decade to reduce dependence on imported fossil resources as well as possibly reducing greenhouse gas emissions. This has led to an increase in production of biodiesel which is produced from palm oil. However, as palm oil is also used for food, it is important to take this into consideration as well. Also, oil palm cultivation is rather water-intensive. Hence, it is necessary to analyze the interlinkage between water, food, and energy to have a holistic understanding and prevent trade-offs when addressing one issue in isolation. The water-energy-food nexus for oil palm cultivation in Thailand has been conducted following two widely used methods, the Water-Food-Energy Nexus (WFEN) and Water-Energy-Food (WEF) nexus assessment method. The results are demonstrated as a single score, which is easier for suggesting a suitable area for oil palm plantation. The assessment indicates the southern region of Thailand is the most suitable for oil palm plantation. The recommendation is consistent with the suggestion of the government, based on land and climate suitability. However, this study considers more comprehensive aspects including various other environmental aspects. Oil palm cultivation mainly relates to the amount of freshwater consumption, leading to the increment of fuel consumption for pumping water. On the other hand, the effectiveness of fresh fruit bunch yield (for food and energy production) should be developed in the future. Besides, the results recommend the central region for the expansion of oil palm cultivation in the future because of the availability of a good irrigation infrastructure. (C) 2020 Institution of Chemical Engineers. Published by Elsevier B.V. All rights reserved.",Y,Y,Thailand,Other SE Asia,"water food energy nexus and water energy food nexus assessment method, no spatial analysis",No,Not considered,Not included,,,,,,,
food fuel suitability,"Molina, S; Doussoulin, JP",Moving towards a circular bioeconomy in developing countries: Profitability gap in Chile's biodiesel production,BIOMASS & BIOENERGY,,"To achieve higher sustainability, developing countries must adopt circular bioeconomy strategies in agriculture. This study assesses the economic viability of biodiesel production in Chile using rapeseed as feedstock, focusing on the Biobio and Araucania regions. Financial feasibility is evaluated under three policy and market scenarios using capital budgeting techniques: Net Present Value (NPV), Internal Rate of Return (IRR), and payback period. Results show that biodiesel production is economically viable in the Araucania region across all scenarios, with IRRs ranging from 19 % to 31 %, NPVs between USD 3.5-16.4 million, and payback periods of 5 years or less. In contrast, Biobio has IRRs as low as-18 %, NPVs reaching-US 2.2 million, and no payback period in most scenarios, indicating financial unviability without substantial political support. These findings highlight the importance of regional suitability and confirm that biodiesel profitability depends on strong public policy support. Measures such as crop subsidies, yield improvement programs, mandatory blending mandates, and long-term implementation plans like Brazil's approach are essential for scaling biodiesel production. This study provides valuable insights: rapeseed-based biodiesel offers a scalable opportunity to diversify Chile's energy matrix, reduce dependence on fossil fuels, and promote rural development.",Y,Y,Brazil,South America,"financial feasibility - net present value, intermal rate of return and payback period, no spatial analysis",No,Not considered,Not included,,,,,,,
food fuel suitability,"Panjehpour, A; Zarrinpoor, N",A network design of a canola-to-biodiesel supply chain by considering the water-energy-food-land-ecosystem-undesirable climate change nexus,COMPUTERS & INDUSTRIAL ENGINEERING,,"Global warming, adverse environmental consequences, and the rapid depletion of oil resources are some of the critical challenges that humanity presently confronts due to the utilization of fossil fuels. Replacing fossil fuels with renewable sources of energy such as biofuel is crucial for a clean environment. In addition to its numerous advantages, the production of biofuels has detrimental effects on natural resources as well. Water, energy, and land are all required to produce food and energy, which are inextricably linked as the essential inputs for agriculture and fuel production. Undesirable climate change and its impacts on ecosystems are also consequences of this process. This study offers a two-phase approach to designing a canola-to-biodiesel supply chain. The first phase is concerned with finding appropriate sites for canola cultivation in accordance with climatic, social, economic and design criteria. To achieve an ideal solution, the fuzzy best-worst method and the fuzzy technique of order preference similarity to the ideal solution are simultaneously used. In the second phase, a new multiobjective integer programming model that involves a water-energy-food-land-ecosystem-undesirable climate change nexus is introduced. The suggested model enhances crop harvest from desirable agricultural areas, maximizes the profit, preserves ecosystem values, mitigates undesirable climate changes, and reduces water and energy consumption. An interactive fuzzy method is used to solve the model, and the efficiency of the proposed model is evaluated through a real case study for Iran. Sensitivity analyses are also performed on the key parameters. According to the findings, production activities are connected with the increase of network costs, adverse changes in climate, and increased use of energy. Thus, using high-yield catalysts, increasing the production scale, complying with environmental regulations, receiving government subsidies, investing in research to improve production technologies, and identifying cost-saving strategies can minimize harmful environmental effects and reduce biodiesel production costs, thereby boosting the profit. Furthermore, given Iran's water scarcity and reduced rainfall, increasing the canola yield per hectare might lead to less land use and water consumption for irrigation. Utilizing specialized machinery, enhancing farmers' skills in canola cultivation, supplying seeds on time, planting promptly, providing optimal nutrition, and promoting pest management are all effective methods to boost canola yields. The insights provided in this study can help managers in the canolabased biodiesel production sector make better decisions.",Y,Y,Iran,Other Asia,"fuzzy technique and multiobjective integer programming, no spatial analysis",No,Not considered,Not included,,,,,,,
food fuel suitability,"Mayer, ML; Veal, MW; Godfrey, EE; Chinn, MS",Response of canola yields from marginal lands managed with tillage practices,JOURNAL OF AGRICULTURE AND FOOD RESEARCH,,"In recent years the discourse regarding the effective use of dwindling agricultural spaces for food, fiber, or fuel production has grown and it is becoming increasingly important to manage non-agricultural or marginal spaces that make them suitable for crop production. Highly eroded, highly compacted, low nutrient soils, similar to those found along highway rights-of-way (ROWs) offer unique field characteristics that can be used to study crop production potentials and land use decisions. This work evaluated the feasibility of maintaining a canola crop production system on the non-agricultural soils of highway ROWs across the humid subtropical climate within North Carolina, USA as a bioenergy feedstock for renewable fuels. Specific objectives included examination of (1) three different North Carolina geoclimatic conditions and (2) three levels of tillage (conventional (CT), minimum (MT), and no-till (NT)) on canola (Brassica napus L.) grain yields cultivated on ROW soils. Field experiments were conducted for two growing seasons in the Inner Coastal Plain, Piedmont, and Mountains regions and assessed main and interaction effects among tillage, site, and year of cultivation on crop productivity. After season 1, CT produced the highest average yield (1.24 Mg ha(-1)) followed by MT (0.93 Mg ha(-1)) and NT (0.86 Mg ha(-1)), respectively. In the second year, the comparative intensity of productive effects from CT was lower, and plots cultivated under MT resulted in the highest average yields (2.70 Mg ha(-1)), followed by CT (2.69 Mg ha(-1)) and NT (1.96 Mg ha(-1)), respectively. Yields observed were comparable to regional canola grain yields, and no significant difference was observed between yields under CT versus MT. These findings suggest that reduced levels of tillage on ROW soils in North Carolina hold the potential to produce yields comparable to those realized in traditional agricultural soils, and targeted tillage practices can support improved suitability of marginal crop production spaces.",Y,Y,United States,North America,"field experiments, no spatial analysis",No,Not considered,Not included,,,,,,,
food fuel suitability,"Ghani, WAWA; Salleh, MAM; Adam, SN; Shafri, HZM; Shaharum, SN; Lim, KL; Rubinsin, NJ; Lam, HL; Hasan, A; Samsatli, S; Tapia, JF; Khezri, R; Jaye, IFM; Martinez-Hernandez, E",Sustainable bio-economy that delivers the environment-food-energy-water nexus objectives: The current status in Malaysia,FOOD AND BIOPRODUCTS PROCESSING,,"Biomass is a promising resource in Malaysia for energy, fuels, and high value-added products. However, regards to biomass value chains, the numerous restrictions and challenges related to the economic and environmental features must be considered. The major concerns regarding the enlargement of biomass plantation is that it requires large amounts of land and environmental resources such as water and soil that arises the danger of creating severe damages to the ecosystem (e.g. deforestation, water pollution, soil depletion etc.). Regarded concerns can be diminished when all aspects associated with palm biomass conversion and utilization linked with environment, food, energy and water (EFEW) nexus to meet the standard requirement and to consider the potential impact on the nexus as a whole. Therefore, it is crucial to understand the detail interactions between all the components in the nexus once intended to look for the best solution to exploit the great potential of biomass. This paper offers an overview regarding the present potential biomass availability for energy production, technology readiness, feasibility study on the techno-economic analyses of the biomass utilization and the impact of this nexus on value chains. The agrobiomass resources potential and land suitability for different crops has been overviewed using satellite imageries and the outcomes of the nexus interactions should be incorporated in developmental policies on biomass. The paper finally discussed an insight of digitization of the agriculture industry as future strategy to modernize agriculture in Malaysia. Hence, this paper provides holistic overview of biomass competitiveness for sustainable bio-economy in Malaysia. (C) 2019 Published by Elsevier B.V. on behalf of Institution of Chemical Engineers.",Y,Y,Malaysia,Other SE Asia,remote sensing,Yes,Not considered,Not included,,,,,,,
food fuel suitability,"Lossau, S; Fischer, G; Tramberend, S; van Velthuizen, H; Kleinschmit, B; Schomäcker, R",Brazil's current and future land balances: Is there residual land for bioenergy production?,BIOMASS & BIOENERGY,,"This study presents a new database of land use categories in Brazil at a spatial resolution of 30 arc-second (about 1 km(2)). The spatial representation of current major land uses formally combines agricultural statistics from Brazil's latest census of the year 2006 at micro-region level and the Food and Agriculture Organization 2010 forest statistics with spatial land cover data sets. Spatial allocation (downscaling) algorithms were applied to obtain a spatial distribution of seven major land use categories. Remaining shares in each grid-cell were termed residual land, and were categorized according to legal protection status, biodiversity value, and whether they belong to the territory of the Amazon biome. We found a total of 84 Mha residual land of which 37 Mha occurred outside the territory of the Amazon biome and was neither legally protected nor categorized as highly biodiverse land. The 37 Mha available residual land equates to 4.4% of Brazil's geographical area and to 50% of its current cultivated land area. We assessed land quality using the Agro-ecological Zones modelling framework provides land suitability and productivity estimates of the available residual land. Nearly one-third of land emerged of prime quality and is therefore promising for biofuel feedstock production. Analysis of potential food-fuel competition suggests that until 2030 productivity improvements on current pastures could accommodate land demand for Brazil's increasing cattle herd and expanding croplands. If these productivity increases could be achieved on current agricultural land, residual land could provide areas for the sustainable expansion of biofuel feedstock production. (C) 2015 Elsevier Ltd. All rights reserved.",Y,Y,Brazil,South America,spatial allocation algorithms; agro-ecological zones modelling framework,Yes,Not considered,Not included,,,,,,,
food fuel suitability,"Tanneberger, F; Birr, F; Couwenberg, J; Kaiser, M; Luthardt, V; Nerger, M; Pfister, S; Oppermann, R; Zeitz, J; Beyer, C; van der Linden, S; Wichtmann, W; Närmann, F","Saving soil carbon, greenhouse gas emissions, biodiversity and the economy: paludiculture as sustainable land use option in German fen peatlands",REGIONAL ENVIRONMENTAL CHANGE,,"Peatlands in the European Union are largely drained for agriculture and emit 25% of the total agricultural greenhouse gas emissions. Drainage-based peatland use has also negative impacts on water quality, drinking water provision and biodiversity. Consequently, key EU environmental policy objectives include the rewetting of all drained peatlands as an essential nature-based solution. Rewetting of peatlands can be combined with site-adapted land use, so-called paludiculture. Paludiculture produces biomass from wet and rewetted peatlands under conditions that maintain the peat body, facilitate peat accumulation and can provide many of the ecosystem services associated with natural, undrained peatlands. The biomass can be used for a wide range of traditional and innovative food, feed, fibre and fuel products. Based on examples in Germany, we have analysed emerging paludiculture options for temperate Europe with respect to greenhouse gas fluxes, biodiversity and indicative business economics. Best estimates of site emission factors vary between 0 and 8 t CO(2)eq ha(-1) y(-1). Suitability maps for four peatland-rich federal states (76% of total German peatland area) indicate that most of the drained, agriculturally used peatland area could be used for paludiculture, about one-third of the fen area for any paludiculture type. Fen-specific biodiversity benefits from rewetting and paludiculture, if compared to the drained state. Under favourable conditions, paludiculture can be economically viable, but costs and revenues vary considerably. Key recommendations for large-scale implementation are providing planning security by paludiculture spatial planning, establishing best practice sites and strengthening research into crops, water tables and management options.",Y,Y,EU,Europe,spatial analysis,Yes,Not considered,Not included,,,,,,,
food fuel suitability,"Liu, TT; Huffman, T; Kulshreshtha, S; McConkey, B; Du, YN; Green, M; Liu, JG; Shang, JL; Geng, XY","Bioenergy production on marginal land in Canada: Potential, economic feasibility, and greenhouse gas emissions impacts",APPLIED ENERGY,,"Growing energy crops such as perennial grasses and trees on marginal land offers the possibility of reducing the competition with food crops for land resources. Identifying the productivity, economic feasibility and greenhouse gas (GHG) emissions impact is the premise of our study on using marginal land for bioenergy production in Canada. The area of marginal land available was identified by intersecting national maps of land suitability and land cover. The costs and potential returns of growing energy crops on marginal land were then analyzed, and the GHG emissions were evaluated using a GHG emissions model. The results indicated that approximately 9.48 million ha of potentially useable marginal land was available in Canada. The land cover of the available marginal land consists of grassland (68.2%) and shrubland (31.8%). If the available marginal land was completely utilized, the biomass production would be 23.7 million tonnes of switchgrass or 51.2 million tonnes of hybrid poplar. The production of biofuel from these biomass sources would be 5.69 and 11.26 billion L, equivalent to 14.0% and 27.7% of the total transportation gasoline consumption in Canada in 2014, for switchgrass and poplar, respectively. On the marginal land, the average production cost was estimated to be approximately 68.2 CAD $/t (173.8 CAD $/ha) for switchgrass, and 26.2 CAD $/t (140.2 CAD $/ha) for coppiced hybrid poplar. The production of biomass showed a positive net return on marginal land in Ontario (eastern Canada), with a biomass price of 99 CAD $/t and 35 CAD $/t for switchgrass and coppiced hybrid poplar, respectively. When the biomass price is less than 101 CAD $/t, growing switchgrass in the provinces of Alberta and Saskatchewan, where 69% of Canada's marginal land is located, was not considered economically attractive. By replacing fossil fuel, the maximum potential switchgrass production on marginal land would reduce GHG emissions by 29.49 million t CO2-eq/yr. However, when considering the economic aspect of production, the potential reduction of 6.1 million tonnes CO2/yr from planting poplar is more viable. Further analysis of the broader economic value of the current use of marginal land (primarily livestock grazing) and the impacts on biodiversity, soil quality, and water resources is needed to completely assess the practicality of a widespread increase in biomass production for bioenergy on Canada's marginal land.",Y,Y,Canada,North America,remote sensing,Yes,Considered,Included,,,,,,,
food energy suitability,"Hua, E; Han, XXQ; Engel, BA; Guan, JJ; Sun, SK; Wu, PT; Wang, B; Wang, YB",Developing a sustainable assessment framework for identifying industrial water suitability: Perspective on the water-energy-food nexus,AGRICULTURAL SYSTEMS,,"CONTEXT: Water, energy, and food systems have been deteriorating in security, stability, and sustainability throughout their extraction, production, and utilization, forcing the water-energy-food nexus to face security issues such as competition and mismatch between the systems' resources and environmental pollution. Consequently, a holistic evaluation of sustainable development among these systems is necessary, employing a suitability-focused perspective. OBJECTIVE: This study defined suitability connotation in terms of the internal and external environments of the water-energy-food nexus. Based on the resource supply, resource conversion, and environmental impact of the suitability connotation, plus the fact that water is a strategic resource for energy and food industries, water suitability is essential for the sustainable development of the system's resources. Hence, the primary goal is to illustrate the suitability and suitability effects of water use in energy and food industries, to guarantee the sustainable development of industrial water use. METHODS: A sustainable assessment framework for suitability with the water system as the core was constructed based on the Haken model, and China was selected for a case study. On this basis, using the water footprint theory and index system method, the suitability effects of industrial water use were evaluated by adding the perspectives of security, stability, and sustainability of the water-energy-food nexus. RESULTS AND CONCLUSIONS: The results showed that Hebei, Shandong, Ningxia, and Xinjiang had better suitability in 2019, and the provinces with poor suitability were Shaanxi, Jilin, and Heilongjiang, reaching 1.00, 0.29, and 0.27, respectively. Hence, the Haken model identified the order parameter of water use in energy and food production. The model was used to construct multiple scenarios, and multidimensional adjustment measures were proposed to improve resource suitability among industries. From 1997 to 2019, all provinces demonstrated a consistent improvement in suitability effects. SIGNIFICANCE: The suitability assessment can differentiate the degree of competition and resource matching between water-energy-food systems and serve the sustainable management of industrial production. By analyzing the water suitability in energy and food industries, the adjustment measures can optimize the water allocation for agriculture and industry, guarantee the security of resources, and maintain the system's sustainable development.",Y,Y,China,Other Asia,spatial and economic modelling,Yes,Not considered,Not included,,,,,,,
food energy suitability,"Xu, P; Wu, SQ; Zhang, JM; Wu, XF; Jia, BY; Dai, JY; Yu, L; Zhang, Y; Qi, YF","Suitability Evaluation of the Water-Energy-Food System: A Case Study in Sichuan Province, China",FRONTIERS IN ENVIRONMENTAL SCIENCE,,"Water, energy, and food are the basic resources on which human beings depend for survival and development. However, these resources, ecosystem, society, and economy interact with each other in highly complex and interlinked ways, that is, the water-energy-food (WEF) nexus, which is difficult to evaluate quantitatively, particularly whether there is a harmonious, matching, and benign interaction in the WEF system for a given spatial and temporal scale, that is, the WEF system suitability. Thus, we developed a comprehensive model for the WEF system suitability evaluation, including stability, coordination, and sustainability. The model mainly contains the index system construction, weight calculation, and TOPSIS evaluation method. Specifically, we proposed an improved weight calculation method (i.e., network assignment method) based on the network analysis method and Amal's method. A case study in Sichuan Province, China, has shown that 1) the overall level of the WEF system suitability in Sichuan Province is above medium and shows a fluctuating trend; 2) in terms of the proportion of each indicator to the total, the contribution of coordination indicators to the comprehensive evaluation decreases slightly, and the contribution of sustainability indicators is greater, but the three remain in a balanced state, as evinced by good underlying conditions and potential for future development; 3) the network assignment method can obtain more suitable statistical characteristics (standard deviation, mean, maximum, and minimum) compared with the Entropy method, Amal's method, and analytic network process method, which are consistent with the actual conditions in the study area. In general, the evaluation results obtained by the network assignment method can better characterize the nexus at the core of complex multi-resource systems and have significant advantages in the application of comprehensive evaluation of the suitability of WEF systems.",Y,Y,China,Other Asia,"Index system construction (developing indicators for stability, coordination, and sustainability), Weight calculation using a new Network Assignment Method (an improvement over existing methods like Entropy, Amal’s, and Analytic Network Process), TOPSIS (Technique for Order Preference by Similarity to Ideal Solution) for multi-criteria evaluation., no spatial analysis",No,Not considered,Not included,,,,,,,
food energy suitability,"Viccaro, M; Caniani, D; Masi, S; Romano, S; Cozzi, M",Biofuels or not biofuels? The Nexus Thinking in land suitability analysis for energy crops,RENEWABLE ENERGY,,"Biofuels play a key role in the decarbonization process of the transport sector contributing to climate change mitigation, energy security and rural development. However, the competition between energy and food in the use of resources, such as land, water and energy input, requires a robust and integrated methodological framework to promote a holistic sustainable resource management. Here, we propose a land suitability model for energy crops to analyze the dynamic interrelationships between land, water and energy, with the aim of promoting the efficient use of resources in the bioenergy context. The model was developed using multi-criteria decision analysis (MCDA) techniques in geographic information systems (GIS) integrated with the Water-Energy-Food nexus approach. The model was tested for the Basilicata region (southern Italy), comparing two energy crops: (i) rapeseed (Brassica napus L.) and (ii) cardoon (Cynara cardunculus L.). The application to the case study shows the importance of the land suitability analysis to identify the most suitable crop in a given territory, while the nexus spatial analysis for locating the suitable areas where a more efficient use of water, energy and land resources is reached. The results revealed also that the use of irrigation water would allow greater use efficiency of the other resources, such as land and energy, an aspect not to be underestimated in the energy, land and agricultural planning processes. The research work contributes to the debate on the sustainability of bioenergy, so that they can represent a sustainable solution to the energy issue and climate change. (C) 2022 Elsevier Ltd. All rights reserved.",Y,Y,Italy,Europe,"MCDA, WEF nexus, includes spatial analysis",Yes,Not considered,Not included,,,,,,,
food energy suitability,"Chapagain, K; Babel, MS; Karthe, D; Stamm, J","Integrated assessment of water-energy-food nexus: conceptual framework and application to the Ping River basin, Thailand",INTERNATIONAL JOURNAL OF WATER RESOURCES DEVELOPMENT,,"Water, energy and food are the three foremost vital resources that need to be protected for human existence and sustainable development. The study develops an indicator-based framework for integrated assessment of the water-energy-food nexus at the river basin scale. The framework is designed to have three successive levels for the assessment. The proposed three-tiered assessment framework can aid concerned resources management authorities to evaluate the water-energy-food nexus and also to identify the action required to enhance resource productivities. The suitability of the framework is demonstrated through its application to the Ping River basin in Thailand.",Y,Y,Thailand,Other SE Asia,"indicator based analysis, no spatial analysis",No,Not considered,Not included,,,,,,,
food energy suitability,"Cronin, J; Zabel, F; Dessens, O; Anandarajah, G",Land suitability for energy crops under scenarios of climate change and land-use,GLOBAL CHANGE BIOLOGY BIOENERGY,,"Bioenergy is expected to play a critical role in climate change mitigation. Most integrated assessment models assume an expansion of agricultural land for cultivation of energy crops. This study examines the suitability of land for growing a range of energy crops on areas that are not required for food production, accounting for climate change impacts and conservation requirements. A global fuzzy logic model is employed to ascertain the suitable cropping areas for a number of sugar, starch and oil crops, energy grasses and short rotation tree species that could be grown specifically for energy. Two climate change scenarios are modelled (RCP2.6 and RCP8.5), along with two scenarios representing the land which cannot be used for energy crops due to forest and biodiversity conservation, food agriculture and urban areas. Results indicate that 40% of the global area currently suitable for energy crops overlaps with food land and 31% overlaps with forested or protected areas, highlighting hotspots of potential land competition risks. Approximately 18.8 million km(2)is suitable for energy crops, to some degree, and does not overlap with protected, forested, urban or food agricultural land. Under the climate change scenario RCP8.5, this increases to 19.6 million km(2)by the end of the century. Broadly, climate change is projected to decrease suitable areas in southern regions and increase them in northern regions, most notably for grass crops in Russia and China, indicating that potential production areas will shift northwards which could potentially affect domestic use and trade of biomass significantly. The majority of the land which becomes suitable is in current grasslands and is just marginally or moderately suitable. This study therefore highlights the vital importance of further studies examining the carbon and ecosystem balance of this potential land-use change, energy crop yields in sub-optimal soil and climatic conditions and potential impacts on livelihoods.",Y,Y,Russia and China,Other Asia,"fuzzy logic model wth two climate scenarios, includes spatial analysis",Yes,Considered,Included,,,,,,,
food energy suitability,"Dauber, J; Miyake, S",To integrate or to segregate food crop and energy crop cultivation at the landscape scale? Perspectives on biodiversity conservation in agriculture in Europe,ENERGY SUSTAINABILITY AND SOCIETY,,"Biodiversity is severely declining in intensively managed agriculture worldwide. In response, land-management strategies for biodiversity conservation on farmland are in debate, namely ecological intensification and land sparing vs. land sharing. In parallel, there is a recent food vs. energy debate stimulated by an increasing competition for land resources. Despite clear overlaps between these two debates, they were rarely connected in previous research. This paper aims to stimulate a discussion by providing a contextual link between biodiversity conservation strategies and options for future energy crop deployment. Therefore, nine conceptual land-use scenarios are developed, and then, the potential biodiversity implications are discussed based on the findings from past and ongoing research. These scenarios include the integration and segregation of both food and energy crops on lands with a range of productivity and suitability for agricultural production. We assume that the clear segregation between food crops on productive land and energy crops on marginal land is less likely to be a solution of mitigating the problems related to the biodiversity decline, especially in the European agricultural landscape context. In contrast, the integration of food and energy crop production systems at the farm to landscape scale has greater potential for ecological intensification, although conflicts with traditional nature conservation targets may arise. We conclude that broadening the perspectives of biodiversity conservation in agriculture is crucial, and the inclusion of energy crop production into the recent debates on biodiversity conservation strategies is helpful.",Y,Y,Europe,Europe,"landscape mosaic scenario comparison, includes spatial analysis",Yes,Not considered,Not included,,,,,,,
food energy suitability,"Yuan, QL; Meng, FX; Li, WJ; Lin, JY; de Oliveira, JAP; Yang, ZF",Tradeoff optimization of urban roof systems oriented to food-water-energy nexus,APPLIED ENERGY,,"Urban roof development serve as a form of urban tinkering that could provide favorable conditions to meet wicked food, water, and energy challenges. In this research, three urban roof systems are designed featuring food production, rainwater collection, building energy saving, and photovoltaic power generation, which are named the bare roof system, green roof system, and open-air farming roof system. Here we establish a generalizable framework to reveal the multifaceted tradeoffs of urban roof schemes integrating geographic information system, life cycle assessment, and multi-objective optimization and decision-making. Testing the framework in a typical compact city Shenzhen, China, results show that the rooftop suitability for food-water-energy function development within the city ranges from 26.21 % to 42.83 %. When implementing a city-wide roof system upscaling, the harvested rainwater on rooftops would contribute to 82.5 % of urban recycled water utilization target in 2035 and exhibit the fewest economic costs, but comes at the cost of life cycle carbon emissions and land occupation with 1850 kt and 140 km2. City-wide roof farming scenario shows potential to achieve the local selfsufficiency of vegetables, and stands out as the avoided transboundary energy footprints which are 4.5 times greater than life cycle energy consumption. Our research can foster the multiple tradeoff understanding between upscaling roof systems and urban food-water-energy nexus. The findings will assist in multi-objective decisionmaking for roof planning and sustainable transition in cities.",Y,Y,China,Other Asia,"GIS, LCA, Multi objective optimization and decision-making",Yes,Not considered,Not included,,,,,,,
food energy suitability,"Supe, H; Abhishek, A; Avtar, R",Assessment of the solar energy-agriculture-water nexus in the expanding solar energy industry of India: An initiative for sustainable resource management,HELIYON,,"The rapid expansion of solar energy in India poses challenges in the context of cropland encroachment and water-resource scarcity. To help address these challenges, we used open access satellite observations and GIS technologies over Earth Engine platform to devise the Solar Panel Index (SPI) for efficient detection of solar farms, achieving a Land use/Land cover classification accuracy of 89 %. We have used cropland, water availability, power grid and land surface temperature data-sets for generation of land suitability map. Sentinel-2 data-sets along with SPI were used to develop solar farm locations and their estimated installed capacity within the study area. The outcomes from the study depicted that over 40 % of all solar farms in the country are located on agricultural land, with the highest seen in Karnataka (73.55 %) followed by Tamil Nadu (68.81 %). Furthermore, high installed capacity coincides with low groundwater depths, exacerbating local water strain. Madhya Pradesh was found to have almost no power plant located within 5 km of surface water bodies. Our findings emphasize the significance of the solaragriculture-water (SAW) nexus for sustainable development. Using high-resolution Land Suitability Map (LSM) as a decision-making criteria for allocating land for power generation reveals that Rajasthan holds the highest potential for solar energy installation. Our integrated approach considering the interplay between solar-energy production, agriculture, and water-resource management contributes to the sustainable growth of the solar-energy sector and regional development.",Y,Y,India,Other Asia,"GIS, remote sensing",Yes,Not considered,Not included,,,,,,,
food energy suitability,"Williams, HJ; Wang, YP; Yuan, B; Wang, HM; Zhang, KM",Rethinking agrivoltaic incentive programs: A science-based approach to encourage practical design solutions,APPLIED ENERGY,,"Agrivoltaic systems are promising solutions to address global food and energy challenges by combining agriculture and solar photovoltaics. However, the lack of appropriate regulations to define and guide their implementation constrains the growth of agrivoltaic systems in the U.S. This study uses a shading and radiation tool to evaluate an existing agrivoltaic incentive program that defines agrivoltaic designs based on shading reduction limits and panel height requirements. Our analysis indicates that structuring policy requirements around shading, and not light availability, may lead to an underestimation of crop suitability by neglecting diffuse radiation. Furthermore, we show that agrivoltaic systems can avoid increasing panel height if policy acknowledges use-case scenarios where farming only occurs between rows. In light of these insights, this study proposes two key policy recommendations: (1) benchmark crop suitability based on daily light integral (DLI) requirements for a shade-intolerant crop selected to represent a prevalent crop in the region, and (2) include an incentive scenario where agriculture is only required between rows. These two recommendations can potentially incentivize designs that are practical and closer in cost to conventional solar farms, thereby accelerating the adoption of costeffective agrivoltaic systems.",Y,Y,United States,North America,"shading and radiation tool, no spatial analysis",No,Not considered,Not included,,,,,,,
food energy suitability,"Fleischmann, J; Birkel, C; Blechinger, P; Ribbe, L; Nauditt, A; Corigliano, S; Platzer, W",Guiding the data collection for integrated Water-Energy-Food-Environment systems using a pilot smallholder farm in Costa Rica,ENERGY NEXUS,,"Smart integration of water, energy, agriculture, and environmental systems can create synergies, increase socio-economic benefits, and minimize environmental impact. However, effective planning of integrated water-energy -food-environment systems (iWEFEs) requires high resolution temporal and spatial data on various environmental and socioeconomic variables. Insufficient data availability and accessibility hampers the implementation of iWEFEs, particularly in remote areas of low-and middle-income countries. Addressing this gap, first, essential variables for the planning of iWEFEs are identified. Next, remote datasets are evaluated and selected regarding their suitability to serve for the planning of iWEFEs using a multi-criteria-analysis considering data accessibility, spatial coverage, spatial resolution, temporal resolution, and temporal coverage. Remote and in-situ data collection for the identified WEFE variables are implemented using a pilot case study of a smallholder farm in the data-scarce tropics of Costa Rica. The remote data collection is automated via APIs to open servers, data analysis and data visualization scripts, and complemented by an online survey. In-situ measurements are recommended to address data gaps in remote sensing, which are especially prevalent in the water domain. The research shall lay the foundation for free, open and automated data collection enabling the planning of iWEFEs worldwide.",Y,Y,Costa Rica,North America,spatial analysis,Yes,Considered,Included,,,,,,,
food energy suitability,"Qi, XX; Li, JC; Yuan, WH; Wang, RY",Coordinating the food-energy-water nexus in grain production in the context of rural livelihood transitions and farmland resource constraints,RESOURCES CONSERVATION AND RECYCLING,,"Understanding the interconnections and tradeoffs between food, energy, and water (FEW) in grain production, which are essential for agricultural sustainability, remains an elusive yet important task. We propose a four-step analysis method for exploring potential approaches to coordinating the FEW nexus in grain production based on a conceptual framework that incorporates the impact of rural livelihood transitions and farmland resource constraints. We apply this method to a small-scale watershed in Hunan Province, China using data from land-use maps, farm household surveys, farmland quality surveys, and cropping-pattern surveys. Transitions of rural livelihoods have led farmlands to become increasingly large in scale. The combined impacts of this concentration of large-scale farms and the government subsidy policy, which favors double cropping, undermines the FEW nexus. Our findings suggest two operational approaches for coordinating the FEW nexus in rice production. One is to develop adaptive agricultural policies that support farmers whose aggregate performance on rice production is superior or more balanced. The other is to optimize cropping patterns based on the suitability of farmland for grain planting.",Y,Y,China,Other Asia,"four-step analysis method, includes spatial analysis",Yes,Not considered,Not included,,,,,,,
food energy suitability,"Leirpoll, ME; Næss, JS; Cavalett, O; Dorber, M; Hu, XP; Cherubini, F",Optimal combination of bioenergy and solar photovoltaic for renewable energy production on abandoned cropland,RENEWABLE ENERGY,,"Ambitious climate change mitigation scenarios require large-scale deployment of bioenergy and solar photovoltaics. Utilizing recently abandoned cropland for renewable energy production is a promising option for energy supply while reducing competition for land and food security. However, the magnitude of abandoned cropland and its potential for renewable energy production is still unclear. Here, we mapped recently abandoned croplands at a global level and assessed the site-specific primary energy potentials for bioenergy and solar photovoltaics considering local climatic conditions, energy yields, and socio-economic feasibility constraints to identify optimal land use for renewable energy production. Of the 83 Mha of the identified abandoned cropland between 1992 and 2015, 68% of the area presented higher development potentials for the establishment of solar photovoltaic compared to dedicated bioenergy crops. In total, 125 EJ/year of primary energy can be produced with this optimal land management, of which 114 EJ/year is from solar photovoltaic and 11 EJ/year is from bioenergy. This figure corresponds to 33-50% of the projected median renewable energy demand in 2050 across the 1.5 degrees C stabilization scenarios. Mapping the suitability of renewable energy sources across different local, environmental, and socio-economic constraints will help identify the best implementation options for future energy systems transformation. (c) 2020 The Authors. Published by Elsevier Ltd. This is an open access article under the CC BY license (http://creativecommons.org/licenses/by/4.0/).",Y,Y,Global,Global,spatial analysis,Yes,Not considered,Not included,,,,,,,
food energy suitability,"Mehta, K; Shah, MJ; Zörner, W",Agri-PV (Agrivoltaics) in Developing Countries: Advancing Sustainable Farming to Address the Water-Energy-Food Nexus,ENERGIES,,"The escalating demand for water, energy, and food, coupled with the imperative for sustainable development, necessitates innovative solutions to address the complex interdependencies within the water-energy-food nexus. In this context, agriculture and photovoltaics (Agri-PV or Agri-voltaics) systems have emerged as a promising approach to promoting sustainable agricultural practices while enhancing energy efficiency and food production. However, limited research, especially on the technical aspects of Agri-PV, has resulted in a knowledge gap regarding how to model and determine the suitability of Agri-PV for different crops based on local conditions. This study presents a novel approach to modeling and simulating Agri-PV systems for various major crops in developing countries, using Uzbekistan as a case study. It provides a blueprint for selecting suitable Agri-PV systems. The research investigates the technical feasibility of Agri-PV technology tailored to Uzbekistan's agricultural landscape, with broader implications for Central Asia. Employing a systematic methodology, the study begins by selecting appropriate sites and crops for Agri-PV system testing, ensuring the relevance and applicability of the research findings to the local context. Using advanced software tools such as PVSyst, the study accurately calculates photosynthetically active radiation (PAR) values specific to selected crops, bridging a significant knowledge gap and providing empirical data essential for informed decision making. The methodology further incorporates an in-depth analysis of economic and technical considerations in selecting PV modules and inverters, enhancing the scientific accuracy of the study. By strategically modeling Agri-PV systems based on parameters like row density, module distance, and tilt angle, this research aims to optimize the integration of photovoltaic technology with agricultural practices in Uzbekistan. Moreover, this study helps to understand the impact of Agri-PV systems on the water-energy-food nexus, providing valuable insights into the potential benefits and challenges specific to the region. The study identifies the positive impact of Agri-PV on major crops and provides a suitable design and modeling approach for sustainable farming practices.",Y,Y,Uzbekistan,Other Asia,"technical fessibility assessment used modelling, no spatial analysis",No,Not considered,Not included,,,,,,,
food energy suitability,"Curioni, M; Galli, N; Manzolini, G; Rulli, MC",Global Land-Water Competition and Synergy Between Solar Energy and Agriculture,EARTHS FUTURE,,"The food and energy systems face mounting challenges due to increasing demands and sustainability constraints, which impact their ability to efficiently utilize natural resources, such as land and freshwater. Among these challenges, competition for land between large-scale renewable energy production plants and agriculture poses a risk, especially for photovoltaics. Agrivoltaics offers an opportunity to synergistically use land for simultaneous production of energy and food. Recent studies have investigated the upscaling potential of agrivoltaics, moving from field scale analyses to larger-scale suitability assessments. Yet, studies addressing the interaction between crop dynamics and local climatic factors, as well as explicitly investigating hydrological dynamics of agrivoltaics across crops and climates, are still limited. Here, we first superpose a spatial data set of existing photovoltaic farms with different land use/land cover maps to assess the magnitude of land use competition associated with photovoltaics. Then, we use a spatialized agro-hydrological model to simulate the response to different levels of radiation attenuation of 22 non-irrigated crops in their harvested areas across the globe. We find that 22%-35% of rainfed harvested areas globally would maintain their yields if converted to agrivoltaics, while 13%-16% of ground-mounted photovoltaic plants globally are associated with a cropland to non-cropland transition. While carrying the typical limitations and uncertainties of global studies, our results may offer novel possibilities for cross-crop and cross-location comparisons of agrivoltaic experiences, as well as a basis to have a deeper and cross-scale understanding of the feasibility of photovoltaics.",Y,Y,Global,Global,spatial analysis,Yes,Not considered,Not included,,,,,,,
food energy suitability,"Newman, RJS; Enns, C; Capitani, C; Thorn, JPR; Courtney-Mustaphi, CJ; Buckton, SJ; Om, ES; Fazey, I; Haji, TA; Nchimbi, AY; Kariuki, RW; Marchant, RA",Kesho' Scenario Development for Supporting Water-Energy Food Security under Future Conditions in Zanzibar,LAND,,"Social-ecological interactions mediate water-energy-food security in small developing islands, but community-scale insights are underrepresented in nexus research. These interactions are dynamic in their response to environmental and anthropogenic pressures and need to be understood to inform sustainable land use planning into the future. This study centered on bringing together diverse stakeholders to explore water-energy-food futures using the Kesho (meaning tomorrow in Kiswahili) scenario tool for two of the largest islands that comprise the Zanzibar Archipelago. The methodology comprised four core stages: (1) exploration of how past drivers of change impacted water-energy-food security; (2) modeling of a Business as Usual Scenario for land cover change; (3) narrative development to describe alternative futures for 2030 based on themes developed at the community scale; and (4) predictions about how narratives would shape land cover and its implications for the nexus. These results were used to model alternate land cover scenarios in TerrSet IDRISI (v. 18.31) and produce visual representations of expected change. Findings demonstrated that deforestation, saltwater incursion, and a reduction in permanent waterbodies were projected by 2030 in a Business as Usual Scenario. Three alternative scenario narratives were developed, these included Adaptation, Ecosystem Management, and Settlement Planning. The results demonstrate that the effectiveness of actions under the scenario options differ between the islands, indicating the importance of understanding the suitability of national policies across considered scales. Synergies across the alternative scenario narratives also emerged, including integrated approaches for managing environmental change, community participation in decision making, effective protection of forests, cultural sensitivity to settlement planning, and poverty alleviation. These synergies could be used to plan strategic action towards effectively strengthening water-energy-food security in Zanzibar.",Y,Y,Tanzania,Africa,spatial modelling,Yes,Not considered,Not included,,,,,,,
food energy suitability,"Zhang, JJ; Chen, Y; Rao, YH; Fu, MC; Prishchepov, AV",Alternative spatial allocation of suitable land for biofuel production in China,ENERGY POLICY,,"How to select locations for biofuel production is still a critical consideration for balance of crop and biofuel productions as well as of energy consumption and environmental conservation. Biofuels are widely produced all over the world, but this practice in China is still at the initial stage. Based on China's current stage on food security and changing biofuel demands, this paper selected agro-environmental and socio-economic factors of biofuel production, and simulated and spatially allocated areas suited for biofuel production under the two scenarios of planning-oriented scenario (PoS) and biofuel-oriented scenario (BoS) by the target year 2020. It also estimated biofuel production potentials and zones across China's provinces. The results show that land suited for biofuel production is primarily located in Northwestern, Northern, Northeastern, Central and Southwestern China, with relatively good agro-environmental conditions and medium population density, but also lower competition with crop production, aiming at facilitating governmental policy-making and multi-purpose allocation of land.",Y,Y,China,Other Asia,spatial analysis,Yes,Not considered,Not included,,,,,,,
food energy suitability,"Neesham-McTiernan, TH; Randle-Boggis, RJ; Buckley, AR; Hartley, SE",The spatial potential for agrivoltaics to address energy-agriculture land use conflicts in Great Britain,APPLIED ENERGY,,"Ground-mounted solar parks provide much needed low-carbon electricity, but their development is increasingly conflicting with other land uses, such as agriculture, and their visual intrusion on agricultural landscapes and possible impact on food production is causing increasing public concern. Agrivoltaics has been proven across Europe to produce food and electricity concomitantly, but its potential to alleviate land use conflicts in Great Britain is yet to be explored. This study quantifies the extent that existing solar parks overlap with different grades of agricultural land, and forecasts where PV-agriculture land use conflicts may occur in the future. Where agrivoltaics could alleviate these conflicts is determined based on expert stakeholder insights, revealing that this technology could theoretically generate 338 TWh/year while maintaining outputs from 20,272 km2 of highgrade farmland. Some agrivoltaic designs reduce evaporative water loss, and this study highlights where this would be beneficial for regions facing water scarcity. The spatial suitability of different cropland classifications is also shown. This study provides the first spatial assessment of the potential for large scale PV infrastructure to be developed in synergy rather than in conflict with agriculture in Great Britain.",Y,Y,Great Britain,Europe,spatial suitability and forecasting,Yes,Not considered,Not included,,,,,,,
food energy suitability,"Wu, HW; Li, ZH; Deng, XZ; Zhao, Z",Enhancing agricultural sustainability: Optimizing crop planting structures and spatial layouts within the water-land-energy-economy-environment-food nexus,GEOGRAPHY AND SUSTAINABILITY,,"In the new phase of sustainable development, agriculture is seeking sustainable management of the water-land-energy-economy-environment-food nexus. At present, there are few studies on optimizing crop planting structure and analyzing its spatial layout with consideration of natural and socio-economic factors. Herein, we proposed a framework for addressing this issue. In this framework, the NSGA-II algorithm was used to construct the multi-objective optimization model of crop planting structures with consideration of water and energy consumption, greenhouse gas (GHG) emissions, economic benefits, as well as food, land, and water security constraints, while the model for planting spatial layout optimization was established with consideration of crop suitability using the MaxEnt model and the improved Hungarian algorithm. This framework was further applied in the Black Soil Region of Northeast China (BSRNC) for analyzing optimized crop planting structures and spatial layouts of three main crops (rice, maize, and soybean) under various scenarios. This study showed that the sown area of rice in the BSRNC decreased by up to 40.73 % and 35.30 % in the environmental priority scenario and economic-environmental balance scenario, respectively, whereas that of soybean increased by up to 112.44 % and 63.31 %, respectively. In the economic priority scenario, the sown area of rice increased by up to 93.98 %. Expanding the sown area of soybean was effective in reducing GHG emissions. On the contrary, rice production led to greater environmental costs though it provided higher economic returns. Among the three crops, maize exhibited an advantage in balancing environmental and economic benefits. Hegang-Jixi area in the northeast of the BSRNC was identified as the key area with the most intense crop planting transfer among different scenarios. Overall, this framework provides a new methodology for optimizing crop planting structures and spatial layouts with consideration of the nexus of various factors. Moreover, the case study demonstrates the applicability and expansion potential of the framework in the fields of sustainable agricultural development and food security assurance.",Y,Y,China,Other Asia,"NSGA-II algorith for multi-objective optimization model, uses spatial data",Yes,Not considered,Not included,,,,,,,
food energy suitability,"Jaung, WG; Wiraguna, E; Okarda, B; Artati, Y; Goh, CS; Syahru, R; Leksono, B; Prasetyo, LB; Lee, SM; Baral, H",Spatial Assessment of Degraded Lands for Biofuel Production in Indonesia,SUSTAINABILITY,,"This study spatially estimated degraded lands in Indonesia that have limited functions for food production, carbon storage, and conservation of biodiversity and native vegetation and examined their suitability to grow biodiesel species (Calophyllum inophyllum, Pongamia pinnata, and Reutealis trisperma) and biomass species (Calliandra calothyrsus and Gliricidia sepium). Results showed 3.5 million ha of degraded lands potentially suitable for these species in Indonesia. With the all-five-species scenario, these lands had the potential to produce 1105 PJ year(-1) of biomass and 3 PJ year(-1) of biodiesel. With the biodiesel-only-species scenario, these lands showed the potential to produce 10 PJ year(-1) of biodiesel. Despite this energy potential, however, the land sizes were too small to support economies of scale for biofuel production. The study findings contribute to identifying lands with limited functions, modeling the growth of biofuel species on regional lands, and estimating carbon stocks of restored degraded lands in Indonesia.",Y,Y,Indonesia,Indonesia,spatial analysis,Yes,Considered,Included,,,,,,,
food energy suitability,"Feiz, R; Ammenberg, J","Assessment of feedstocks for biogas production, part I-A multi-criteria approach",RESOURCES CONSERVATION AND RECYCLING,,"Expansion of biogas production is dependent on the availability of suitable feedstocks (biomass). What feedstock is suitable is a question that can be tackled from many different perspectives it is a multidimensional problem. Therefore, a multi-criteria method has been developed that can be used to assess the suitability of feedstock for biogas and biofertilizer production. The method covers aspects of resource efficiency and feasibility, and the potential to supply renewable energy and recycle nutrients, operationalized via 16 indicators directed towards cost efficiency, technological feasibility, energy and environmental performance, accessibility, competition, policy and other issues. Thus it is relatively comprehensive method, yet simple enough to be used by practitioners. The main ambition, applying the method, has been to collect and structure relevant information to facilitate strategic overviews, communication and informed decision making. This is relevant for development within the biogas and biofertilizer industry, to define and prioritize among essential research projects, regarding policy, etc. This article, the first of two associated articles, is focused on the method itself. For illustration, the method is applied to assess the suitability of producing biogas from stickleback, which is a non-edible fish in the Baltic Sea region. In the companion article (Part II), four other feedstocks are assessed in detail, namely ley crops, straw, farmed blue mussels, and source-sorted food waste. (C) 2017 Elsevier B.V. All rights reserved.",Y,Y,Europe,Europe,"multicriteria feasibility analysis, no spatial analysis",No,Not considered,Not included,,,,,,,
food energy suitability,"Rösch, C; Fakharizadehshirazi, E",The spatial socio-technical potential of agrivoltaics in Germany,RENEWABLE & SUSTAINABLE ENERGY REVIEWS,,"Germany's goal of transitioning to renewable energy by 2045 presents a challenge of increased land-use competition. Agrivoltaics is a promising solution to this dilemma and benefits resilient food production and farmers' income. This study, for the first time, assesses the spatial land-use potential of agrivoltaics in Germany with a socio-technical Geographic Information System based on land use restrictions and suitability criteria. The study investigates small-scale agrivoltaics over suitable crops to enable farmers to benefit from the technology by their integration into high-value agricultural activities. The results show that agrivoltaics over permanent, moderate shade-tolerant and full shade-tolerant crops can achieve 88 % of Germany's PV energy target by 2030. About half of the 0.74 % of the German territory used for these crops has good soil quality, with a Soil Quality Rating over 60. From the small-sized permanent crop area (<2.5 ha) around 11 % is well suited due to favourable solar irradiation, orientation and slope. Most of this potential (79 %) is concentrated in the southern regions of Germany. The results indicate that agrivoltaics over permanent, moderate shade-tolerant and full shade-tolerant crops can contribute to resilient food production in small-scale farm businesses and to the political goal to increase land-based solar energy production. More financial support and further research are needed to identify the obstacles, and better understand stakeholders' perspectives on agrivoltaics and its integration into the landscape.",Y,Y,Germany,Europe,spatial analysis,Yes,Not considered,Not included,,,,,,,
food energy suitability,"Moore, KA; Lobell, DB",Opportunities and Barriers for Agrivoltaics on Tribal Lands,SUSTAINABILITY,,"Recent federal legislation, like the 2021 Infrastructure Investment and Jobs Act and 2022 Inflation Reduction Act, has led to a push for more solar energy on Tribal lands, increasing competition for already limited agricultural land. Agrivoltaics is an innovative technology with the potential to lessen the tradeoffs between agriculture production and solar energy generation. This study investigates the opportunities and barriers for agrivoltaics on Tribal lands through expert qualitative interviews with Tribal agriculture professionals that inform geospatial suitability analysis of physical characteristics. Qualitative results indicate agrivoltaics on Tribal lands could contribute positively to food sovereignty, energy sovereignty, and economic development goals for Tribes; on the other hand, Tribal agriculture professionals have technical, economic, siting, and socioecological concerns that should be addressed through future work. Quantitatively, we find up to 15 million acres of Tribal agricultural land may be feasible for micro-grid agrivoltaics, with 7 million acres in sufficient proximity to existing transmission lines to tie into the grid. The leading states for Tribal agrivoltaics by land area are South Dakota, Montana, and Arizona, each home to Tribes with large land bases and a strong agricultural economy. This work aims to inform Tribal land managers, policymakers, and researchers on the opportunities and barriers for agrivoltaics on Tribal lands.",Y,Y,United States,North America,expert qualitative interviews and Google Earth Engine,Yes,Not considered,Not included,,,,,,,
food energy suitability,"Yu, ZY; Zhang, F; Gao, CZ; Mangi, E; Ali, C",The potential for bioenergy generated on marginal land to offset agricultural greenhouse gas emissions in China,RENEWABLE & SUSTAINABLE ENERGY REVIEWS,,"Rational use of marginal land for cultivation of bioenergy crops is an effective means to solve land use competition and is an important way to reduce greenhouse gas (GHG) emissions and improve energy supply. This study conducted an evaluation of the suitability of marginal land for growing energy crops in China during 1990-2020 using the GIS and multi-factor analysis method and revealed the quantitative relationship between bioenergy produced by marginal land energy crops and carbon reduction potential. The Intergovernmental Panel on Climate Change (IPCC) coefficient method and life cycle method were applied to measure the biofuel yield of the Jatropha curcas and assessed its potential to offset agricultural greenhouse gas emissions. The findings are: (1) The marginal land area available for energy crops in 2020 is 1.63 x 106 km2, which is 8.35 % lower than the area planted in 1990. (2) When the reclamation index is 60 %, all suitable marginal land can be used to grow energy crops, and biofuels can replace 3.31 x 1011 tons of conventional energy. (3) In 2020, agricultural greenhouse gas emissions will be 9.02 x 108 tons, and the potential of bioenergy crop cultivation to offset agricultural greenhouse gas emissions amounts to 4.31 x 108 tons, or 47.88 %. In the future, the pressure of agricultural GHG emission reduction will be further exacerbated by population growth and agricultural land supply, etc. Rational use of marginal land and development of bioenergy crops are effective ways for China to cope with climate change and realize its renewable energy strategy.",Y,Y,China,Other Asia,GIS and multi-factor analysis,Yes,Not considered,Not included,,,,,,,
food energy suitability,"Di Vittorio, AV; Narayan, KB; Patel, P; Calvin, K; Vernon, CR",Doubling protected land area may be inefficient at preserving the extent of undeveloped land and could cause substantial regional shifts in land use,GLOBAL CHANGE BIOLOGY BIOENERGY,,"Projection of land use and land-cover change is highly uncertain yet drives critical estimates of carbon emissions, climate change, and food and bioenergy production. We use new, spatially explicit land availability data in conjunction with a model sensitivity analysis to estimate the effects of additional land protection on land use and land cover. The land availability data include protected land and agricultural suitability and is incorporated into the Moirai land data system for initializing the Global Change Analysis Model. Overall, decreasing land availability is relatively inefficient at preserving undeveloped land while having considerable regional land-use impacts. Current amounts of protected area have little effect on land and crop production estimates, but including the spatial distribution of unsuitable (i.e., unavailable) land dramatically shifts bioenergy production from high northern latitudes to the rest of the world, compared with uniform availability. This highlights the importance of spatial heterogeneity in understanding and managing land change. Approximately doubling the current protected area to emulate a 30% protected area target may avoid land conversion by 2050 of less than half the newly protected extent while reducing bioenergy feedstock land by 10.4% and cropland and grazed pasture by over 3%. Regional bioenergy land may be reduced (increased) by up to 46% (36%), cropland reduced by up to 61%, pasture reduced by up to 100%, and harvested forest reduced by up to 35%. Only a few regions show notable gains in some undeveloped land types of up to 36%. Half of the regions can reach the target using only unsuitable land, which would minimize impacts on agriculture but may not meet conservation goals. Rather than focusing on an area target, a more robust approach may be to carefully select newly protected land to meet well-defined conservation goals while minimizing impacts to agriculture.",Y,Y,Global,Global,"GCAM, no spatial element",No,Considered,Included,,,,,,,
food energy suitability,"Khalaf, KA; Gamil, A; Attiya, B; Cuello, J",Exploring the potential of concentrating solar power technologies for vertical farming in arid regions: The case of Western Iraq,ENERGY FOR SUSTAINABLE DEVELOPMENT,,"Indoor vertical farming can address future food insecurity by reducing land use and environmental dependence positively mitigating the environmental impacts associated with conventional agriculture. However, its high energy consumption and environmental impact raise concerns. This paper explores the use of Concentrating Solar Power (CSP) to power vertical farming in Iraq's arid regions, using abundant solar resources to reduce environmental impact and energy costs. The study evaluates the feasibility and benefits of integrating CSP technologies into sustainable agricultural practices, considering factors like implementation costs, energy production, and water usage. The study utilized the system advisor model (SAM) to carry out the techno-economic assessment by relocating existing commercial CSP plant in Seville, Spain to six Iraqi locations, following a comprehensive technical site assessment. The energy production level, capacity factor (CF), and levelized cost of electricity (LCOE) of the initial Spanish plant were lower than five of the six selected locations. Haditha and Ar Rutbha cities have the highest annual energy output, 123 GWh and 122 GWh, respectively, surpassing Seville's original plant output, which at 110 GWh performed less than Iraq locations. Next, comparisons are made between conventional farming and vertical farming (VF) cultivation. The study focuses on Romaine lettuce as the benchmark crop due to its prevalence in vertical farms and its suitability for arid climates. VF shows the potential to achieve yields between 41 and 68 kg/m2/y, 63 to 104 times higher than conventional farming in Western Iraq. VF's year-round cultivation with artificial lighting results in 83 times greater energy demands, requiring 25 kWh/kg/y. The findings emphasize the potential of CSP technologies to support sustainable agriculture in Iraq's arid regions. These findings demonstrate the possibility of utilizing solar power for sustainable agriculture in Iraq, offering valuable insights for policymakers and stakeholders seeking cost-effective and energy-efficient solutions.",Y,Y,Iraq,Other Asia,"SAM techno-economic analysis, no spatial analysis",No,Not considered,Not included,,,,,,,
food energy suitability,"Dal Prà, A; Dainelli, R; Santoni, M; Lanini, GM; Di Serio, A; Zanotti, D; Greco, A; Ronga, D",Impact of Different Shading Conditions on Processing Tomato Yield and Quality Under Organic Agrivoltaic Systems,HORTICULTURAE,,"Agrivoltaics have emerged as a promising solution to mitigate climate change effects as well as competition for land use between food and energy production. While previous studies have demonstrated the potential of agrivoltaic systems to enhance land productivity, limited research has focused on their impact on specific crops, particularly in organic processing tomatoes. In the present study, a two-year experiment was conducted in northwest Italy to assess the suitability of the agrivoltaic system on processing tomato yield and quality in the organic farming system. In the first growing season, the transplanting of tomato was carried out under the following light conditions: internal control (A1)-inside the tracker rows obtained by removing PV panels; extended agrivoltaic panels-shaded condition with an increased ground coverage ratio (GCR) of 41% (A2); and external control (FL)-full-light conditions outside the tracker rows. The second year of experimentation involved the transplanting of tomato under the following light conditions: internal control (B1); dynamic shading conditions that consist of solar panels in a vertical position until full fruit set (B2); standard agrivoltaic trackers (GCR = 13%, shaded conditions) (B3); and external control (FL). In 2023, the results showed that A2 achieved a total yield of only 24.5% lower than FL, with a marketable yield reduction of just 6.5%, indicating its potential to maintain productivity under shaded conditions. In 2024, B2 management increased marketable yield by 80.6% compared to FL, although it also led to a 46.2% increase in fruit affected by blossom end rot. Moreover, B2 improved nitrogen agronomic efficiency and fruit water productivity by 6.4% while also reducing the incidence of rotten fruit. Our findings highlight that moderate coverage (A2 and B2) can sustain high marketable yields and improve nitrogen use efficiency in different growing seasons.",Y,Y,Italy,Europe,"field experiment, no spatial analysis",No,Not considered,Not included,,,,,,,
food energy suitability,"Farmandeh, E; Choobchian, S; Karami, S",Decoding the water-energy-food nexus: validating indicators amidst climate change and agro-societal shifts,DISCOVER SUSTAINABILITY,,"The Water-Energy-Food Nexus provides a critical framework for optimizing the sustainable use of essential resources in agricultural societies. While numerous tools have been developed to study the Nexus, significant knowledge gaps remain, particularly concerning the validity of indicators that capture the complex interactions among its components. This research seeks to address these gaps by validating key indicators across three critical dimensions: (1) the economic, social, and environmental contexts, along with demographic characteristics that influence the Nexus; (2) climatic parameters that impact the Nexus; and (3) the implications of the Nexus for the development of agricultural societies. To achieve an integrated perspective, this study focuses on identifying and validating the most relevant indicators for assessing trade-offs and synergies among internal and external factors influencing resource management. A sequential mixed-method approach was employed, combining content analysis with survey techniques. The validity and suitability of key components were assessed using the Content Validity Ratio (CVR) and Content Validity Index (CVI). The results culminated in the development of a comprehensive questionnaire comprising 69 validated components across these diverse contexts. The findings reveal that the highest-ranked components include educational infrastructure, access to funding and credit platforms, environmentally sustainable agricultural systems, the impacts of climate change, and the active participation of key stakeholders. Expert panel assessments particularly highlighted the crucial role of economic and climatic factors, emphasizing their significant influence on the sustainability and balanced development of agricultural communities. These results stress the need for integrated development strategies that incorporate the Nexus framework, addressing gaps in indicator validity while promoting sustainable resource management. The study concludes with actionable policy solutions and recommendations to support the effective implementation of these strategies.",Y,Y,None specified,Not specified,"survey techniques, no spatial analysis",No,Not considered,Not included,,,,,,,
food energy suitability,"Laub, M; Pataczek, L; Feuerbacher, A; Zikeli, S; Högy, P",Contrasting yield responses at varying levels of shade suggest different suitability of crops for dual land-use systems: a meta-analysis,AGRONOMY FOR SUSTAINABLE DEVELOPMENT,,"Despite the large body of research surrounding crop growth parameters, there is still a lack of systematic assessments on how harvestable yields of different crop types respond to varying levels of shading. However, with the advent of agrivoltaic systems, a technology that combines energy and food production, shade tolerance of cropping systems is becoming increasingly important. To address this research gap, a meta-analysis with data from two experimental approaches (intercropping and artificial shading with cloths, nets or solar panels) was performed. The aim was to quantitatively assess the susceptibility of different temperate crop types to increasing levels of shading. Crop type specific yield response curves were developed as a function of reduction in solar radiation, estimating relative crop yields compared to the unshaded controls. Only studies that reported reduction in solar radiation and crop yield per area in temperate and subtropical areas were included. The results suggested a nonlinear relationship between achieved crop yields and reduction in solar radiation for all crop types. Most crops tolerate reduced solar radiation up to 15%, showing a less than proportional yield decline. However, significant differences between the response curves of the following crop types existed: Berries, fruits and fruity vegetables benefited from reduction in solar radiation up to 30%. Forages, leafy vegetables, tubers/root crops, and C-3 cereals initially showed less than proportional crop yield loss. In contrast, maize and grain legumes experienced strong crop yield losses even at low shade levels. The results provide a set of initial indicators that may be used in assessing the suitability of crop types for shade systems, and thus for agrivoltaic or other dual land-use systems. Detailed yield response curves, as provided by this study, are valuable tools in optimizing the output of annual crop components in these systems.",Y,Y,EU,Europe,"field experiment, no spatial analysis",No,Not considered,Not included,,,,,,,
food energy suitability,"Rehman, AU; Ijaz, S; Niazi, KAK; Tauqeer, T; Usman, M; Zubair, M; Mehmood, MQ",Towards sustainable Agri-Photovoltaics through system design and viability in Semi-Arid conditions,SOLAR ENERGY,,"Agri Photovoltaic (APV) systems are a key technology offering a coupled solution for both food and energy, which reduces the land requirement while meeting the sustainable development goals. This work presents a design and performance analysis of various APV systems by modelling tilted mono-facial, (tilted and vertical) bifacial, and the single-axis east-west tracking (SAT) photovoltaic (PV) system. A 1.0 MW system has been considered under local meteorological conditions across multiple seasons for semi-arid climate of Lahore, Pakistan. The vertical bifacial (VB) system produces more electricity in the morning and late afternoon, along with its feature of covering minimum space to provide enough clearance for agricultural machinery. The SAT and tilted systems produced peak output of 780 kWh/m2 and 772 kWh/m2 in summer, while in winter their outputs drop to 587 kWh/m2 and 542 kWh/m2, respectively, showing a 19 % seasonal variation in energy generation. The SAT system produces maximum of 134.2 kWh monthly, which is 27.80 % more than that of the VB system, and 21.44 % more than that of the tilted bifacial system. The comparison of tilted mono-facial and bifacial systems result in a bifaciality gain of 8.3 % encouraging the applicability of bifacial technology despite its higher cost compared to mono-facial panels. Moreover, the Ohmic loss is found to be minimum (176 kWh in June) for VB system, while the SAT and mono-facial systems undergoes annual losses up to 3000 kWh under high-power conditions. The suitability of growing crops is validated via the high average Photosynthetically Active Radiation (PAR) value of 450 mu mol/m2/S/Nm throughout 2023, it suffices the lettuce (162-185 mu mol/m2/s) and tomatoes (231-347 mu mol/m2/s) crops. Meanwhile, the APV system implementation has been affirmed to be economically viable based on the comparison of levelized cost of electricity (LCOE) with energy tariff indices of Lahore. In the light of all favored inferences, this work not only proves Lahore and the areas with similar environmental attributes suitable for deployment of APV but also serves as gateway for APV implementation. This study uniquely integrates energy output, LCOE, and crop-specific PAR analysis to evaluate APV feasibility considering its benefits in Lahore while offering a replicable model for similar semi-arid regions.",Y,Y,Pakistan,Other Asia,"performance analysis of physical systems, no spatial analysis",No,Not considered,Not included,,,,,,,
food energy suitability,"Hermelink, MI; Maestrini, B; de Ruijter, FJ",Berry shade tolerance for agrivoltaics systems: A meta-analysis,SCIENTIA HORTICULTURAE,,"Agrivoltaics, i.e. the placement of photovoltaic panels above crops, can contribute to more sustainable energy and food systems. However, the current large knowledge gap on crop yield response to shade is a limiting factor to agrivoltaics development. Berries have been identified as a shade benefitting crop group with a high potential for agrivoltaics, but little is known on their individual crop shade response. We examine the berry crop group more in detail through a meta-analysis of strawberry (Fragaria ananassa), blueberry (Vaccinium sect. Cyanococcus), blackberry (Rubus subg. Rubus), and black currant (Ribes nigrum), to distinguish between individual crops and assess their suitability for agrivoltaics systems. This study provides the first yield response curves of individual berry crops to increasing shade, also distinguishing between different radiation intensity environments. The response curves provide valuable information for the design of agrivoltaics systems and can help in selecting optimal crop and panel density combinations for different locations. We find that low levels of shade are relatively less detrimental to yield than high levels of shade, and that yield response differs significantly between crops and between low and high radiation intensity environments. We conclude that, although generally classified as shade-benefitting in previous literature, not all berries are equally suitable for the shaded conditions in agrivoltaics. Whereas blueberry yield at high radiation intensities can benefit from up to 50 % shade, other berry types are better classified as shade tolerant, enduring up to around 35 % shade without yield loss but declining afterwards.",Y,Y,Non specified,Not specified,"meta analysis, no spatial analysis",No,Not considered,Not included,,,,,,,
food biodiesel suitability,"Leite, JGD; Justino, FB; Silva, JV; Florin, MJ; van Ittersum, MK",Socioeconomic and environmental assessment of biodiesel crops on family farming systems in Brazil,AGRICULTURAL SYSTEMS,,"In Brazil, local agricultural research agendas are increasingly challenged by the search for sustainable biodiesel crop options for family farmers, especially under semi-arid conditions. The aim of this paper is to explore the suitability of different biodiesel crops (i.e. soybean, castor bean and sunflower) through a set of environmental and socioeconomic indicators in a semi-arid (Montes Claros) and a more humid (Chapada Gaucha) municipality in the state of Minas Gerais, southeast Brazil. A technical coefficient generator (TechnoGIN) was used to assess current (maize, beans, soybean and grass seed) and alternative (castor bean and sunflower) crops grown with current and alternative production techniques. The quantification of the inputs and outputs was based on farm surveys, expert knowledge, literature and field experiments. Although castor bean and sunflower are economically competitive with maize in Montes Claros, feed and labour requirements may hinder farmers' adoption. In Chapada Gaucha, the double cropping system soybean/sunflower presented small economic gains when compared to soybean; it also increased nitrogen losses and biocide residues. We conclude that the scope for alternative and sustainable biodiesel crops on family farms is limited. Their economic benefits are small or absent, while their introduction can lead to higher environmental impacts and there may be trade-offs with food and feed availability at the farm level. (C) 2014 Elsevier Ltd. All rights reserved.",Y,Y,Brazil,South America,"surveys, field experiments, literature, no spatial analysis",No,Not considered,Not included,,,,,,,
food biodiesel suitability,"Gesch, RW; Allen, BL; Archer, DW; Jabro, JD; Isbell, TA; Long, DS",Water use and water use efficiency of three Brassicaceae oilseeds under high- and low-yielding environments,CROP SCIENCE,,"Brassicaceae oilseed crops have proven potential as vegetable oil feedstock for biofuels and food uses. However, meeting a growing demand for vegetable oils for food and industrial uses will require identifying oilseed species that are best suited for various growing environments within a particular region. The objective of this study was to compare growth dynamics, seasonal water use (WU), seed yields, and water use efficiency (WUE) of canola (Brassica napus L.), camelina (Camelina sativa L.), and white mustard (Sinapis alba L.) to determine their suitability under three different environments within the northern Great Plains. Comparisons were made among these species over three growing seasons between 2013 and 2016 at Morris, MN; Mandan, ND; and Sidney, MT, situated along a strong precipitation gradient from east to west. Generally, growing season precipitation was similar at Morris and Mandan, but both were considerably greater than at Sidney. Seasonal WU was similar among these oilseed species at Morris and Mandan but was greatest for camelina at the drier Sidney environment. Canola seed yield was the greatest at Morris and had higher WUE than camelina and white mustard. At Mandan and Sidney, canola and camelina had similar seed yields and WUE, which were generally greater than white mustard. Under abundant moisture and low stress (e.g., Morris), seed yield per millimeter of water used could be maximized by growing canola, while in a drier more stressful environment like Sidney, seed yield per millimeter of water used could be maximized by growing camelina. Water use, growth, and seed productivity were evaluated for three Brassicaceae oilseeds. Camelina and mustard were earlier to mature than canola. There was little difference in seasonal water use for the three species at each location. Camelina and canola had similar water use efficiency at two out of three locations.",Y,Y,United States,North America,"field study/survey, no spatial analysis",No,Not considered,Not included,,,,,,,
,,,,,,,,,,,,,,,,,,,,
,,,,,,,,,,,,,,,,,,,,
,,,,,,,,,,,,,,,,,,,,
,,,,,,,,,,,,,,,,,,,,
,,,,,,,,,,,,,,,,,,,,
,,,,,,,,,,,,,,,,,,,,
,,,,,,,,,,,,,,,,,,,,
,,,,,,,,,,,,,,,,,,,,
,,,,,,,,,,,,,,,,,,,,
,,,,,,,,,,,,,,,,,,,,
,,,,,,,,,,,,,,,,,,,,
,,,,,,,,,,,,,,,,,,,,
,,,,,,,,,,,,,,,,,,,,
,,,,,,,,,,,,,,,,,,,,
,,,,,,,,,,,,,,,,,,,,
,,,,,,,,,,,,,,,,,,,,
,,,,,,,,,,,,,,,,,,,,
,,,,,,,,,,,,,,,,,,,,
,,,,,,,,,,,,,,,,,,,,
,,,,,,,,,,,,,,,,,,,,
,,,,,,,,,,,,,,,,,,,,
,,,,,,,,,,,,,,,,,,,,
,,,,,,,,,,,,,,,,,,,,
,,,,,,,,,,,,,,,,,,,,
,,,,,,,,,,,,,,,,,,,,
,,,,,,,,,,,,,,,,,,,,
,,,,,,,,,,,,,,,,,,,,
,,,,,,,,,,,,,,,,,,,,
,,,,,,,,,,,,,,,,,,,,
,,,,,,,,,,,,,,,,,,,,
,,,,,,,,,,,,,,,,,,,,
,,,,,,,,,,,,,,,,,,,,
,,,,,,,,,,,,,,,,,,,,
,,,,,,,,,,,,,,,,,,,,
,,,,,,,,,,,,,,,,,,,,
,,,,,,,,,,,,,,,,,,,,
,,,,,,,,,,,,,,,,,,,,
,,,,,,,,,,,,,,,,,,,,
,,,,,,,,,,,,,,,,,,,,
,,,,,,,,,,,,,,,,,,,,
,,,,,,,,,,,,,,,,,,,,
,,,,,,,,,,,,,,,,,,,,
,,,,,,,,,,,,,,,,,,,,
,,,,,,,,,,,,,,,,,,,,
,,,,,,,,,,,,,,,,,,,,
,,,,,,,,,,,,,,,,,,,,
,,,,,,,,,,,,,,,,,,,,
,,,,,,,,,,,,,,,,,,,,
,,,,,,,,,,,,,,,,,,,,
,,,,,,,,,,,,,,,,,,,,
,,,,,,,,,,,,,,,,,,,,
,,,,,,,,,,,,,,,,,,,,
,,,,,,,,,,,,,,,,,,,,
,,,,,,,,,,,,,,,,,,,,
,,,,,,,,,,,,,,,,,,,,
,,,,,,,,,,,,,,,,,,,,
,,,,,,,,,,,,,,,,,,,,
,,,,,,,,,,,,,,,,,,,,
,,,,,,,,,,,,,,,,,,,,
,,,,,,,,,,,,,,,,,,,,
,,,,,,,,,,,,,,,,,,,,
,,,,,,,,,,,,,,,,,,,,
,,,,,,,,,,,,,,,,,,,,
,,,,,,,,,,,,,,,,,,,,
,,,,,,,,,,,,,,,,,,,,
,,,,,,,,,,,,,,,,,,,,
,,,,,,,,,,,,,,,,,,,,
,,,,,,,,,,,,,,,,,,,,
,,,,,,,,,,,,,,,,,,,,
,,,,,,,,,,,,,,,,,,,,
,,,,,,,,,,,,,,,,,,,,
,,,,,,,,,,,,,,,,,,,,
,,,,,,,,,,,,,,,,,,,,
,,,,,,,,,,,,,,,,,,,,
,,,,,,,,,,,,,,,,,,,,
,,,,,,,,,,,,,,,,,,,,
,,,,,,,,,,,,,,,,,,,,
,,,,,,,,,,,,,,,,,,,,
,,,,,,,,,,,,,,,,,,,,
,,,,,,,,,,,,,,,,,,,,
,,,,,,,,,,,,,,,,,,,,
,,,,,,,,,,,,,,,,,,,,
,,,,,,,,,,,,,,,,,,,,
,,,,,,,,,,,,,,,,,,,,
,,,,,,,,,,,,,,,,,,,,
,,,,,,,,,,,,,,,,,,,,
,,,,,,,,,,,,,,,,,,,,
,,,,,,,,,,,,,,,,,,,,
,,,,,,,,,,,,,,,,,,,,
,,,,,,,,,,,,,,,,,,,,
,,,,,,,,,,,,,,,,,,,,
,,,,,,,,,,,,,,,,,,,,
,,,,,,,,,,,,,,,,,,,,
,,,,,,,,,,,,,,,,,,,,
,,,,,,,,,,,,,,,,,,,,
,,,,,,,,,,,,,,,,,,,,
,,,,,,,,,,,,,,,,,,,,
,,,,,,,,,,,,,,,,,,,,
,,,,,,,,,,,,,,,,,,,,
,,,,,,,,,,,,,,,,,,,,
,,,,,,,,,,,,,,,,,,,,
,,,,,,,,,,,,,,,,,,,,
,,,,,,,,,,,,,,,,,,,,
,,,,,,,,,,,,,,,,,,,,
,,,,,,,,,,,,,,,,,,,,
,,,,,,,,,,,,,,,,,,,,
,,,,,,,,,,,,,,,,,,,,
,,,,,,,,,,,,,,,,,,,,
,,,,,,,,,,,,,,,,,,,,
,,,,,,,,,,,,,,,,,,,,
,,,,,,,,,,,,,,,,,,,,
,,,,,,,,,,,,,,,,,,,,
,,,,,,,,,,,,,,,,,,,,
,,,,,,,,,,,,,,,,,,,,
,,,,,,,,,,,,,,,,,,,,
,,,,,,,,,,,,,,,,,,,,
,,,,,,,,,,,,,,,,,,,,
,,,,,,,,,,,,,,,,,,,,
,,,,,,,,,,,,,,,,,,,,
,,,,,,,,,,,,,,,,,,,,
,,,,,,,,,,,,,,,,,,,,
,,,,,,,,,,,,,,,,,,,,
,,,,,,,,,,,,,,,,,,,,
,,,,,,,,,,,,,,,,,,,,
,,,,,,,,,,,,,,,,,,,,
,,,,,,,,,,,,,,,,,,,,
,,,,,,,,,,,,,,,,,,,,
,,,,,,,,,,,,,,,,,,,,
,,,,,,,,,,,,,,,,,,,,
,,,,,,,,,,,,,,,,,,,,
,,,,,,,,,,,,,,,,,,,,
,,,,,,,,,,,,,,,,,,,,
,,,,,,,,,,,,,,,,,,,,
,,,,,,,,,,,,,,,,,,,,
,,,,,,,,,,,,,,,,,,,,
,,,,,,,,,,,,,,,,,,,,
,,,,,,,,,,,,,,,,,,,,
,,,,,,,,,,,,,,,,,,,,
,,,,,,,,,,,,,,,,,,,,
,,,,,,,,,,,,,,,,,,,,
,,,,,,,,,,,,,,,,,,,,
,,,,,,,,,,,,,,,,,,,,
,,,,,,,,,,,,,,,,,,,,
,,,,,,,,,,,,,,,,,,,,
,,,,,,,,,,,,,,,,,,,,
,,,,,,,,,,,,,,,,,,,,
,,,,,,,,,,,,,,,,,,,,
,,,,,,,,,,,,,,,,,,,,
,,,,,,,,,,,,,,,,,,,,
,,,,,,,,,,,,,,,,,,,,
,,,,,,,,,,,,,,,,,,,,
,,,,,,,,,,,,,,,,,,,,
,,,,,,,,,,,,,,,,,,,,
,,,,,,,,,,,,,,,,,,,,
,,,,,,,,,,,,,,,,,,,,
,,,,,,,,,,,,,,,,,,,,
,,,,,,,,,,,,,,,,,,,,
,,,,,,,,,,,,,,,,,,,,
,,,,,,,,,,,,,,,,,,,,
,,,,,,,,,,,,,,,,,,,,
,,,,,,,,,,,,,,,,,,,,
,,,,,,,,,,,,,,,,,,,,
,,,,,,,,,,,,,,,,,,,,
,,,,,,,,,,,,,,,,,,,,
,,,,,,,,,,,,,,,,,,,,
,,,,,,,,,,,,,,,,,,,,
,,,,,,,,,,,,,,,,,,,,
,,,,,,,,,,,,,,,,,,,,
,,,,,,,,,,,,,,,,,,,,
,,,,,,,,,,,,,,,,,,,,
,,,,,,,,,,,,,,,,,,,,
,,,,,,,,,,,,,,,,,,,,
,,,,,,,,,,,,,,,,,,,,
,,,,,,,,,,,,,,,,,,,,
,,,,,,,,,,,,,,,,,,,,
,,,,,,,,,,,,,,,,,,,,
,,,,,,,,,,,,,,,,,,,,
,,,,,,,,,,,,,,,,,,,,
,,,,,,,,,,,,,,,,,,,,
,,,,,,,,,,,,,,,,,,,,
,,,,,,,,,,,,,,,,,,,,
,,,,,,,,,,,,,,,,,,,,
,,,,,,,,,,,,,,,,,,,,
,,,,,,,,,,,,,,,,,,,,
,,,,,,,,,,,,,,,,,,,,
,,,,,,,,,,,,,,,,,,,,
,,,,,,,,,,,,,,,,,,,,
,,,,,,,,,,,,,,,,,,,,
,,,,,,,,,,,,,,,,,,,,
,,,,,,,,,,,,,,,,,,,,
,,,,,,,,,,,,,,,,,,,,
,,,,,,,,,,,,,,,,,,,,
,,,,,,,,,,,,,,,,,,,,
,,,,,,,,,,,,,,,,,,,,
,,,,,,,,,,,,,,,,,,,,
,,,,,,,,,,,,,,,,,,,,
,,,,,,,,,,,,,,,,,,,,
,,,,,,,,,,,,,,,,,,,,
,,,,,,,,,,,,,,,,,,,,
,,,,,,,,,,,,,,,,,,,,
,,,,,,,,,,,,,,,,,,,,
,,,,,,,,,,,,,,,,,,,,
,,,,,,,,,,,,,,,,,,,,
,,,,,,,,,,,,,,,,,,,,
,,,,,,,,,,,,,,,,,,,,
,,,,,,,,,,,,,,,,,,,,
,,,,,,,,,,,,,,,,,,,,
,,,,,,,,,,,,,,,,,,,,
,,,,,,,,,,,,,,,,,,,,
,,,,,,,,,,,,,,,,,,,,
,,,,,,,,,,,,,,,,,,,,
,,,,,,,,,,,,,,,,,,,,
,,,,,,,,,,,,,,,,,,,,
,,,,,,,,,,,,,,,,,,,,
,,,,,,,,,,,,,,,,,,,,
,,,,,,,,,,,,,,,,,,,,
,,,,,,,,,,,,,,,,,,,,
,,,,,,,,,,,,,,,,,,,,
,,,,,,,,,,,,,,,,,,,,
,,,,,,,,,,,,,,,,,,,,
,,,,,,,,,,,,,,,,,,,,
,,,,,,,,,,,,,,,,,,,,
,,,,,,,,,,,,,,,,,,,,
,,,,,,,,,,,,,,,,,,,,
,,,,,,,,,,,,,,,,,,,,
,,,,,,,,,,,,,,,,,,,,
,,,,,,,,,,,,,,,,,,,,
,,,,,,,,,,,,,,,,,,,,
,,,,,,,,,,,,,,,,,,,,
,,,,,,,,,,,,,,,,,,,,
,,,,,,,,,,,,,,,,,,,,
,,,,,,,,,,,,,,,,,,,,
,,,,,,,,,,,,,,,,,,,,
,,,,,,,,,,,,,,,,,,,,
,,,,,,,,,,,,,,,,,,,,
,,,,,,,,,,,,,,,,,,,,
,,,,,,,,,,,,,,,,,,,,
,,,,,,,,,,,,,,,,,,,,
,,,,,,,,,,,,,,,,,,,,
,,,,,,,,,,,,,,,,,,,,
,,,,,,,,,,,,,,,,,,,,
,,,,,,,,,,,,,,,,,,,,
,,,,,,,,,,,,,,,,,,,,
,,,,,,,,,,,,,,,,,,,,
,,,,,,,,,,,,,,,,,,,,
,,,,,,,,,,,,,,,,,,,,
,,,,,,,,,,,,,,,,,,,,
,,,,,,,,,,,,,,,,,,,,
,,,,,,,,,,,,,,,,,,,,
,,,,,,,,,,,,,,,,,,,,
,,,,,,,,,,,,,,,,,,,,
,,,,,,,,,,,,,,,,,,,,
,,,,,,,,,,,,,,,,,,,,
,,,,,,,,,,,,,,,,,,,,
,,,,,,,,,,,,,,,,,,,,
,,,,,,,,,,,,,,,,,,,,
,,,,,,,,,,,,,,,,,,,,
,,,,,,,,,,,,,,,,,,,,
,,,,,,,,,,,,,,,,,,,,
,,,,,,,,,,,,,,,,,,,,
,,,,,,,,,,,,,,,,,,,,
,,,,,,,,,,,,,,,,,,,,
,,,,,,,,,,,,,,,,,,,,
,,,,,,,,,,,,,,,,,,,,
,,,,,,,,,,,,,,,,,,,,
,,,,,,,,,,,,,,,,,,,,
,,,,,,,,,,,,,,,,,,,,
,,,,,,,,,,,,,,,,,,,,
,,,,,,,,,,,,,,,,,,,,
,,,,,,,,,,,,,,,,,,,,
,,,,,,,,,,,,,,,,,,,,
,,,,,,,,,,,,,,,,,,,,
,,,,,,,,,,,,,,,,,,,,
,,,,,,,,,,,,,,,,,,,,
,,,,,,,,,,,,,,,,,,,,
,,,,,,,,,,,,,,,,,,,,
,,,,,,,,,,,,,,,,,,,,
,,,,,,,,,,,,,,,,,,,,
,,,,,,,,,,,,,,,,,,,,
,,,,,,,,,,,,,,,,,,,,
,,,,,,,,,,,,,,,,,,,,
,,,,,,,,,,,,,,,,,,,,
,,,,,,,,,,,,,,,,,,,,
,,,,,,,,,,,,,,,,,,,,
,,,,,,,,,,,,,,,,,,,,
,,,,,,,,,,,,,,,,,,,,
,,,,,,,,,,,,,,,,,,,,
,,,,,,,,,,,,,,,,,,,,
,,,,,,,,,,,,,,,,,,,,
,,,,,,,,,,,,,,,,,,,,
,,,,,,,,,,,,,,,,,,,,
,,,,,,,,,,,,,,,,,,,,
,,,,,,,,,,,,,,,,,,,,
,,,,,,,,,,,,,,,,,,,,
,,,,,,,,,,,,,,,,,,,,
,,,,,,,,,,,,,,,,,,,,
,,,,,,,,,,,,,,,,,,,,
,,,,,,,,,,,,,,,,,,,,
,,,,,,,,,,,,,,,,,,,,
,,,,,,,,,,,,,,,,,,,,
,,,,,,,,,,,,,,,,,,,,
,,,,,,,,,,,,,,,,,,,,
,,,,,,,,,,,,,,,,,,,,
,,,,,,,,,,,,,,,,,,,,
,,,,,,,,,,,,,,,,,,,,
,,,,,,,,,,,,,,,,,,,,
,,,,,,,,,,,,,,,,,,,,
,,,,,,,,,,,,,,,,,,,,
,,,,,,,,,,,,,,,,,,,,
,,,,,,,,,,,,,,,,,,,,
,,,,,,,,,,,,,,,,,,,,
,,,,,,,,,,,,,,,,,,,,
,,,,,,,,,,,,,,,,,,,,
,,,,,,,,,,,,,,,,,,,,
,,,,,,,,,,,,,,,,,,,,
,,,,,,,,,,,,,,,,,,,,
,,,,,,,,,,,,,,,,,,,,
,,,,,,,,,,,,,,,,,,,,
,,,,,,,,,,,,,,,,,,,,
,,,,,,,,,,,,,,,,,,,,
,,,,,,,,,,,,,,,,,,,,
,,,,,,,,,,,,,,,,,,,,
,,,,,,,,,,,,,,,,,,,,
,,,,,,,,,,,,,,,,,,,,
,,,,,,,,,,,,,,,,,,,,
,,,,,,,,,,,,,,,,,,,,
,,,,,,,,,,,,,,,,,,,,
,,,,,,,,,,,,,,,,,,,,
,,,,,,,,,,,,,,,,,,,,
,,,,,,,,,,,,,,,,,,,,
,,,,,,,,,,,,,,,,,,,,
,,,,,,,,,,,,,,,,,,,,
,,,,,,,,,,,,,,,,,,,,
,,,,,,,,,,,,,,,,,,,,
,,,,,,,,,,,,,,,,,,,,
,,,,,,,,,,,,,,,,,,,,
,,,,,,,,,,,,,,,,,,,,
,,,,,,,,,,,,,,,,,,,,
,,,,,,,,,,,,,,,,,,,,
,,,,,,,,,,,,,,,,,,,,
,,,,,,,,,,,,,,,,,,,,
,,,,,,,,,,,,,,,,,,,,
,,,,,,,,,,,,,,,,,,,,
,,,,,,,,,,,,,,,,,,,,
,,,,,,,,,,,,,,,,,,,,
,,,,,,,,,,,,,,,,,,,,
,,,,,,,,,,,,,,,,,,,,
,,,,,,,,,,,,,,,,,,,,
,,,,,,,,,,,,,,,,,,,,
,,,,,,,,,,,,,,,,,,,,
,,,,,,,,,,,,,,,,,,,,
,,,,,,,,,,,,,,,,,,,,
,,,,,,,,,,,,,,,,,,,,
,,,,,,,,,,,,,,,,,,,,
,,,,,,,,,,,,,,,,,,,,
,,,,,,,,,,,,,,,,,,,,
,,,,,,,,,,,,,,,,,,,,
,,,,,,,,,,,,,,,,,,,,
,,,,,,,,,,,,,,,,,,,,
,,,,,,,,,,,,,,,,,,,,
,,,,,,,,,,,,,,,,,,,,
,,,,,,,,,,,,,,,,,,,,
,,,,,,,,,,,,,,,,,,,,
,,,,,,,,,,,,,,,,,,,,
,,,,,,,,,,,,,,,,,,,,
,,,,,,,,,,,,,,,,,,,,
,,,,,,,,,,,,,,,,,,,,
,,,,,,,,,,,,,,,,,,,,
,,,,,,,,,,,,,,,,,,,,
,,,,,,,,,,,,,,,,,,,,
,,,,,,,,,,,,,,,,,,,,
,,,,,,,,,,,,,,,,,,,,
,,,,,,,,,,,,,,,,,,,,
,,,,,,,,,,,,,,,,,,,,
,,,,,,,,,,,,,,,,,,,,
,,,,,,,,,,,,,,,,,,,,
,,,,,,,,,,,,,,,,,,,,
,,,,,,,,,,,,,,,,,,,,
,,,,,,,,,,,,,,,,,,,,
,,,,,,,,,,,,,,,,,,,,
,,,,,,,,,,,,,,,,,,,,
,,,,,,,,,,,,,,,,,,,,
,,,,,,,,,,,,,,,,,,,,
,,,,,,,,,,,,,,,,,,,,
,,,,,,,,,,,,,,,,,,,,
,,,,,,,,,,,,,,,,,,,,
,,,,,,,,,,,,,,,,,,,,
,,,,,,,,,,,,,,,,,,,,
,,,,,,,,,,,,,,,,,,,,
,,,,,,,,,,,,,,,,,,,,
,,,,,,,,,,,,,,,,,,,,
,,,,,,,,,,,,,,,,,,,,
,,,,,,,,,,,,,,,,,,,,
,,,,,,,,,,,,,,,,,,,,
,,,,,,,,,,,,,,,,,,,,
,,,,,,,,,,,,,,,,,,,,
,,,,,,,,,,,,,,,,,,,,
,,,,,,,,,,,,,,,,,,,,
,,,,,,,,,,,,,,,,,,,,
,,,,,,,,,,,,,,,,,,,,
,,,,,,,,,,,,,,,,,,,,
,,,,,,,,,,,,,,,,,,,,
,,,,,,,,,,,,,,,,,,,,
,,,,,,,,,,,,,,,,,,,,
,,,,,,,,,,,,,,,,,,,,
,,,,,,,,,,,,,,,,,,,,
,,,,,,,,,,,,,,,,,,,,
,,,,,,,,,,,,,,,,,,,,
,,,,,,,,,,,,,,,,,,,,
,,,,,,,,,,,,,,,,,,,,
,,,,,,,,,,,,,,,,,,,,
,,,,,,,,,,,,,,,,,,,,
,,,,,,,,,,,,,,,,,,,,
,,,,,,,,,,,,,,,,,,,,
,,,,,,,,,,,,,,,,,,,,
,,,,,,,,,,,,,,,,,,,,
,,,,,,,,,,,,,,,,,,,,
,,,,,,,,,,,,,,,,,,,,
,,,,,,,,,,,,,,,,,,,,
,,,,,,,,,,,,,,,,,,,,
,,,,,,,,,,,,,,,,,,,,
,,,,,,,,,,,,,,,,,,,,
,,,,,,,,,,,,,,,,,,,,
,,,,,,,,,,,,,,,,,,,,
,,,,,,,,,,,,,,,,,,,,
,,,,,,,,,,,,,,,,,,,,
,,,,,,,,,,,,,,,,,,,,
,,,,,,,,,,,,,,,,,,,,
,,,,,,,,,,,,,,,,,,,,
,,,,,,,,,,,,,,,,,,,,
,,,,,,,,,,,,,,,,,,,,
,,,,,,,,,,,,,,,,,,,,
,,,,,,,,,,,,,,,,,,,,
,,,,,,,,,,,,,,,,,,,,
,,,,,,,,,,,,,,,,,,,,
,,,,,,,,,,,,,,,,,,,,
,,,,,,,,,,,,,,,,,,,,
,,,,,,,,,,,,,,,,,,,,
,,,,,,,,,,,,,,,,,,,,
,,,,,,,,,,,,,,,,,,,,
,,,,,,,,,,,,,,,,,,,,
,,,,,,,,,,,,,,,,,,,,
,,,,,,,,,,,,,,,,,,,,
,,,,,,,,,,,,,,,,,,,,
,,,,,,,,,,,,,,,,,,,,
,,,,,,,,,,,,,,,,,,,,
,,,,,,,,,,,,,,,,,,,,
,,,,,,,,,,,,,,,,,,,,
,,,,,,,,,,,,,,,,,,,,
,,,,,,,,,,,,,,,,,,,,
,,,,,,,,,,,,,,,,,,,,
,,,,,,,,,,,,,,,,,,,,
,,,,,,,,,,,,,,,,,,,,
,,,,,,,,,,,,,,,,,,,,
,,,,,,,,,,,,,,,,,,,,
,,,,,,,,,,,,,,,,,,,,
,,,,,,,,,,,,,,,,,,,,
,,,,,,,,,,,,,,,,,,,,
,,,,,,,,,,,,,,,,,,,,
,,,,,,,,,,,,,,,,,,,,
,,,,,,,,,,,,,,,,,,,,
,,,,,,,,,,,,,,,,,,,,
,,,,,,,,,,,,,,,,,,,,
,,,,,,,,,,,,,,,,,,,,
,,,,,,,,,,,,,,,,,,,,
,,,,,,,,,,,,,,,,,,,,
,,,,,,,,,,,,,,,,,,,,
,,,,,,,,,,,,,,,,,,,,
,,,,,,,,,,,,,,,,,,,,
,,,,,,,,,,,,,,,,,,,,
,,,,,,,,,,,,,,,,,,,,
,,,,,,,,,,,,,,,,,,,,
,,,,,,,,,,,,,,,,,,,,
,,,,,,,,,,,,,,,,,,,,
,,,,,,,,,,,,,,,,,,,,
,,,,,,,,,,,,,,,,,,,,
,,,,,,,,,,,,,,,,,,,,
,,,,,,,,,,,,,,,,,,,,
,,,,,,,,,,,,,,,,,,,,
,,,,,,,,,,,,,,,,,,,,
,,,,,,,,,,,,,,,,,,,,
,,,,,,,,,,,,,,,,,,,,
,,,,,,,,,,,,,,,,,,,,
,,,,,,,,,,,,,,,,,,,,
,,,,,,,,,,,,,,,,,,,,
,,,,,,,,,,,,,,,,,,,,
,,,,,,,,,,,,,,,,,,,,
,,,,,,,,,,,,,,,,,,,,
,,,,,,,,,,,,,,,,,,,,
,,,,,,,,,,,,,,,,,,,,
,,,,,,,,,,,,,,,,,,,,
,,,,,,,,,,,,,,,,,,,,
,,,,,,,,,,,,,,,,,,,,
,,,,,,,,,,,,,,,,,,,,
,,,,,,,,,,,,,,,,,,,,
,,,,,,,,,,,,,,,,,,,,
,,,,,,,,,,,,,,,,,,,,
,,,,,,,,,,,,,,,,,,,,
,,,,,,,,,,,,,,,,,,,,
,,,,,,,,,,,,,,,,,,,,
,,,,,,,,,,,,,,,,,,,,
,,,,,,,,,,,,,,,,,,,,
,,,,,,,,,,,,,,,,,,,,
,,,,,,,,,,,,,,,,,,,,
,,,,,,,,,,,,,,,,,,,,
,,,,,,,,,,,,,,,,,,,,
,,,,,,,,,,,,,,,,,,,,
,,,,,,,,,,,,,,,,,,,,
,,,,,,,,,,,,,,,,,,,,
,,,,,,,,,,,,,,,,,,,,
,,,,,,,,,,,,,,,,,,,,
,,,,,,,,,,,,,,,,,,,,
,,,,,,,,,,,,,,,,,,,,
,,,,,,,,,,,,,,,,,,,,
,,,,,,,,,,,,,,,,,,,,
,,,,,,,,,,,,,,,,,,,,
,,,,,,,,,,,,,,,,,,,,
,,,,,,,,,,,,,,,,,,,,
,,,,,,,,,,,,,,,,,,,,
,,,,,,,,,,,,,,,,,,,,
,,,,,,,,,,,,,,,,,,,,
,,,,,,,,,,,,,,,,,,,,
,,,,,,,,,,,,,,,,,,,,
,,,,,,,,,,,,,,,,,,,,
,,,,,,,,,,,,,,,,,,,,
,,,,,,,,,,,,,,,,,,,,
,,,,,,,,,,,,,,,,,,,,
,,,,,,,,,,,,,,,,,,,,
,,,,,,,,,,,,,,,,,,,,
,,,,,,,,,,,,,,,,,,,,
,,,,,,,,,,,,,,,,,,,,
,,,,,,,,,,,,,,,,,,,,
,,,,,,,,,,,,,,,,,,,,
,,,,,,,,,,,,,,,,,,,,
,,,,,,,,,,,,,,,,,,,,
,,,,,,,,,,,,,,,,,,,,
,,,,,,,,,,,,,,,,,,,,
,,,,,,,,,,,,,,,,,,,,
,,,,,,,,,,,,,,,,,,,,
,,,,,,,,,,,,,,,,,,,,
,,,,,,,,,,,,,,,,,,,,
,,,,,,,,,,,,,,,,,,,,
,,,,,,,,,,,,,,,,,,,,
,,,,,,,,,,,,,,,,,,,,
,,,,,,,,,,,,,,,,,,,,
,,,,,,,,,,,,,,,,,,,,
,,,,,,,,,,,,,,,,,,,,
,,,,,,,,,,,,,,,,,,,,
,,,,,,,,,,,,,,,,,,,,
,,,,,,,,,,,,,,,,,,,,
,,,,,,,,,,,,,,,,,,,,
,,,,,,,,,,,,,,,,,,,,
,,,,,,,,,,,,,,,,,,,,
,,,,,,,,,,,,,,,,,,,,
,,,,,,,,,,,,,,,,,,,,
,,,,,,,,,,,,,,,,,,,,
,,,,,,,,,,,,,,,,,,,,
,,,,,,,,,,,,,,,,,,,,
,,,,,,,,,,,,,,,,,,,,
,,,,,,,,,,,,,,,,,,,,
,,,,,,,,,,,,,,,,,,,,
,,,,,,,,,,,,,,,,,,,,
,,,,,,,,,,,,,,,,,,,,
,,,,,,,,,,,,,,,,,,,,
,,,,,,,,,,,,,,,,,,,,
,,,,,,,,,,,,,,,,,,,,
,,,,,,,,,,,,,,,,,,,,
,,,,,,,,,,,,,,,,,,,,
,,,,,,,,,,,,,,,,,,,,
,,,,,,,,,,,,,,,,,,,,
,,,,,,,,,,,,,,,,,,,,
,,,,,,,,,,,,,,,,,,,,
,,,,,,,,,,,,,,,,,,,,
,,,,,,,,,,,,,,,,,,,,
,,,,,,,,,,,,,,,,,,,,
,,,,,,,,,,,,,,,,,,,,
,,,,,,,,,,,,,,,,,,,,
,,,,,,,,,,,,,,,,,,,,
,,,,,,,,,,,,,,,,,,,,
,,,,,,,,,,,,,,,,,,,,
,,,,,,,,,,,,,,,,,,,,
,,,,,,,,,,,,,,,,,,,,
,,,,,,,,,,,,,,,,,,,,
,,,,,,,,,,,,,,,,,,,,
,,,,,,,,,,,,,,,,,,,,
,,,,,,,,,,,,,,,,,,,,
,,,,,,,,,,,,,,,,,,,,
,,,,,,,,,,,,,,,,,,,,
,,,,,,,,,,,,,,,,,,,,
,,,,,,,,,,,,,,,,,,,,
,,,,,,,,,,,,,,,,,,,,
,,,,,,,,,,,,,,,,,,,,
,,,,,,,,,,,,,,,,,,,,
,,,,,,,,,,,,,,,,,,,,
,,,,,,,,,,,,,,,,,,,,
,,,,,,,,,,,,,,,,,,,,
,,,,,,,,,,,,,,,,,,,,
,,,,,,,,,,,,,,,,,,,,
,,,,,,,,,,,,,,,,,,,,
,,,,,,,,,,,,,,,,,,,,
,,,,,,,,,,,,,,,,,,,,
,,,,,,,,,,,,,,,,,,,,
,,,,,,,,,,,,,,,,,,,,
,,,,,,,,,,,,,,,,,,,,
,,,,,,,,,,,,,,,,,,,,
,,,,,,,,,,,,,,,,,,,,
,,,,,,,,,,,,,,,,,,,,
,,,,,,,,,,,,,,,,,,,,
,,,,,,,,,,,,,,,,,,,,
,,,,,,,,,,,,,,,,,,,,
,,,,,,,,,,,,,,,,,,,,
,,,,,,,,,,,,,,,,,,,,
,,,,,,,,,,,,,,,,,,,,
,,,,,,,,,,,,,,,,,,,,
,,,,,,,,,,,,,,,,,,,,
,,,,,,,,,,,,,,,,,,,,
,,,,,,,,,,,,,,,,,,,,
,,,,,,,,,,,,,,,,,,,,
,,,,,,,,,,,,,,,,,,,,
,,,,,,,,,,,,,,,,,,,,
,,,,,,,,,,,,,,,,,,,,
,,,,,,,,,,,,,,,,,,,,
,,,,,,,,,,,,,,,,,,,,
,,,,,,,,,,,,,,,,,,,,
,,,,,,,,,,,,,,,,,,,,
,,,,,,,,,,,,,,,,,,,,
,,,,,,,,,,,,,,,,,,,,
,,,,,,,,,,,,,,,,,,,,
,,,,,,,,,,,,,,,,,,,,
,,,,,,,,,,,,,,,,,,,,
,,,,,,,,,,,,,,,,,,,,
,,,,,,,,,,,,,,,,,,,,
,,,,,,,,,,,,,,,,,,,,
,,,,,,,,,,,,,,,,,,,,
,,,,,,,,,,,,,,,,,,,,
,,,,,,,,,,,,,,,,,,,,
,,,,,,,,,,,,,,,,,,,,
,,,,,,,,,,,,,,,,,,,,
,,,,,,,,,,,,,,,,,,,,
,,,,,,,,,,,,,,,,,,,,
,,,,,,,,,,,,,,,,,,,,
,,,,,,,,,,,,,,,,,,,,
,,,,,,,,,,,,,,,,,,,,
,,,,,,,,,,,,,,,,,,,,
,,,,,,,,,,,,,,,,,,,,
,,,,,,,,,,,,,,,,,,,,
,,,,,,,,,,,,,,,,,,,,
,,,,,,,,,,,,,,,,,,,,
,,,,,,,,,,,,,,,,,,,,
,,,,,,,,,,,,,,,,,,,,
,,,,,,,,,,,,,,,,,,,,
,,,,,,,,,,,,,,,,,,,,
,,,,,,,,,,,,,,,,,,,,
,,,,,,,,,,,,,,,,,,,,
,,,,,,,,,,,,,,,,,,,,
,,,,,,,,,,,,,,,,,,,,
,,,,,,,,,,,,,,,,,,,,
,,,,,,,,,,,,,,,,,,,,
,,,,,,,,,,,,,,,,,,,,
,,,,,,,,,,,,,,,,,,,,
,,,,,,,,,,,,,,,,,,,,
,,,,,,,,,,,,,,,,,,,,
,,,,,,,,,,,,,,,,,,,,
,,,,,,,,,,,,,,,,,,,,
,,,,,,,,,,,,,,,,,,,,
,,,,,,,,,,,,,,,,,,,,
,,,,,,,,,,,,,,,,,,,,
,,,,,,,,,,,,,,,,,,,,
,,,,,,,,,,,,,,,,,,,,
,,,,,,,,,,,,,,,,,,,,
,,,,,,,,,,,,,,,,,,,,
,,,,,,,,,,,,,,,,,,,,
,,,,,,,,,,,,,,,,,,,,
,,,,,,,,,,,,,,,,,,,,
,,,,,,,,,,,,,,,,,,,,
,,,,,,,,,,,,,,,,,,,,
,,,,,,,,,,,,,,,,,,,,
,,,,,,,,,,,,,,,,,,,,
,,,,,,,,,,,,,,,,,,,,
,,,,,,,,,,,,,,,,,,,,
,,,,,,,,,,,,,,,,,,,,
,,,,,,,,,,,,,,,,,,,,
,,,,,,,,,,,,,,,,,,,,
,,,,,,,,,,,,,,,,,,,,
,,,,,,,,,,,,,,,,,,,,
,,,,,,,,,,,,,,,,,,,,
,,,,,,,,,,,,,,,,,,,,
,,,,,,,,,,,,,,,,,,,,
,,,,,,,,,,,,,,,,,,,,
,,,,,,,,,,,,,,,,,,,,
,,,,,,,,,,,,,,,,,,,,
,,,,,,,,,,,,,,,,,,,,
,,,,,,,,,,,,,,,,,,,,
,,,,,,,,,,,,,,,,,,,,
,,,,,,,,,,,,,,,,,,,,
,,,,,,,,,,,,,,,,,,,,
,,,,,,,,,,,,,,,,,,,,
,,,,,,,,,,,,,,,,,,,,
,,,,,,,,,,,,,,,,,,,,
,,,,,,,,,,,,,,,,,,,,
,,,,,,,,,,,,,,,,,,,,
,,,,,,,,,,,,,,,,,,,,
,,,,,,,,,,,,,,,,,,,,
,,,,,,,,,,,,,,,,,,,,
,,,,,,,,,,,,,,,,,,,,
,,,,,,,,,,,,,,,,,,,,
,,,,,,,,,,,,,,,,,,,,
,,,,,,,,,,,,,,,,,,,,
,,,,,,,,,,,,,,,,,,,,
,,,,,,,,,,,,,,,,,,,,
,,,,,,,,,,,,,,,,,,,,
,,,,,,,,,,,,,,,,,,,,
,,,,,,,,,,,,,,,,,,,,
,,,,,,,,,,,,,,,,,,,,
,,,,,,,,,,,,,,,,,,,,
,,,,,,,,,,,,,,,,,,,,
,,,,,,,,,,,,,,,,,,,,
,,,,,,,,,,,,,,,,,,,,
,,,,,,,,,,,,,,,,,,,,
,,,,,,,,,,,,,,,,,,,,
,,,,,,,,,,,,,,,,,,,,
,,,,,,,,,,,,,,,,,,,,
,,,,,,,,,,,,,,,,,,,,
,,,,,,,,,,,,,,,,,,,,
,,,,,,,,,,,,,,,,,,,,
,,,,,,,,,,,,,,,,,,,,
,,,,,,,,,,,,,,,,,,,,
,,,,,,,,,,,,,,,,,,,,
,,,,,,,,,,,,,,,,,,,,
,,,,,,,,,,,,,,,,,,,,
,,,,,,,,,,,,,,,,,,,,
,,,,,,,,,,,,,,,,,,,,
,,,,,,,,,,,,,,,,,,,,
,,,,,,,,,,,,,,,,,,,,
,,,,,,,,,,,,,,,,,,,,
,,,,,,,,,,,,,,,,,,,,
,,,,,,,,,,,,,,,,,,,,
,,,,,,,,,,,,,,,,,,,,
,,,,,,,,,,,,,,,,,,,,
,,,,,,,,,,,,,,,,,,,,
,,,,,,,,,,,,,,,,,,,,
,,,,,,,,,,,,,,,,,,,,
,,,,,,,,,,,,,,,,,,,,
,,,,,,,,,,,,,,,,,,,,
,,,,,,,,,,,,,,,,,,,,
,,,,,,,,,,,,,,,,,,,,
,,,,,,,,,,,,,,,,,,,,
,,,,,,,,,,,,,,,,,,,,
,,,,,,,,,,,,,,,,,,,,
,,,,,,,,,,,,,,,,,,,,
,,,,,,,,,,,,,,,,,,,,
,,,,,,,,,,,,,,,,,,,,
,,,,,,,,,,,,,,,,,,,,
,,,,,,,,,,,,,,,,,,,,
,,,,,,,,,,,,,,,,,,,,
,,,,,,,,,,,,,,,,,,,,
,,,,,,,,,,,,,,,,,,,,
,,,,,,,,,,,,,,,,,,,,
,,,,,,,,,,,,,,,,,,,,
,,,,,,,,,,,,,,,,,,,,
,,,,,,,,,,,,,,,,,,,,
,,,,,,,,,,,,,,,,,,,,
,,,,,,,,,,,,,,,,,,,,
,,,,,,,,,,,,,,,,,,,,
,,,,,,,,,,,,,,,,,,,,
,,,,,,,,,,,,,,,,,,,,
,,,,,,,,,,,,,,,,,,,,
,,,,,,,,,,,,,,,,,,,,
,,,,,,,,,,,,,,,,,,,,
,,,,,,,,,,,,,,,,,,,,
,,,,,,,,,,,,,,,,,,,,
,,,,,,,,,,,,,,,,,,,,
,,,,,,,,,,,,,,,,,,,,
,,,,,,,,,,,,,,,,,,,,
,,,,,,,,,,,,,,,,,,,,
,,,,,,,,,,,,,,,,,,,,
,,,,,,,,,,,,,,,,,,,,
,,,,,,,,,,,,,,,,,,,,
,,,,,,,,,,,,,,,,,,,,
,,,,,,,,,,,,,,,,,,,,
,,,,,,,,,,,,,,,,,,,,
,,,,,,,,,,,,,,,,,,,,
,,,,,,,,,,,,,,,,,,,,
,,,,,,,,,,,,,,,,,,,,
,,,,,,,,,,,,,,,,,,,,
,,,,,,,,,,,,,,,,,,,,
,,,,,,,,,,,,,,,,,,,,
,,,,,,,,,,,,,,,,,,,,
,,,,,,,,,,,,,,,,,,,,
,,,,,,,,,,,,,,,,,,,,
,,,,,,,,,,,,,,,,,,,,
,,,,,,,,,,,,,,,,,,,,
,,,,,,,,,,,,,,,,,,,,
,,,,,,,,,,,,,,,,,,,,
,,,,,,,,,,,,,,,,,,,,
,,,,,,,,,,,,,,,,,,,,
,,,,,,,,,,,,,,,,,,,,
,,,,,,,,,,,,,,,,,,,,
,,,,,,,,,,,,,,,,,,,,
,,,,,,,,,,,,,,,,,,,,
,,,,,,,,,,,,,,,,,,,,
,,,,,,,,,,,,,,,,,,,,
,,,,,,,,,,,,,,,,,,,,
,,,,,,,,,,,,,,,,,,,,
,,,,,,,,,,,,,,,,,,,,
,,,,,,,,,,,,,,,,,,,,
,,,,,,,,,,,,,,,,,,,,
,,,,,,,,,,,,,,,,,,,,
,,,,,,,,,,,,,,,,,,,,
,,,,,,,,,,,,,,,,,,,,
,,,,,,,,,,,,,,,,,,,,
,,,,,,,,,,,,,,,,,,,,
,,,,,,,,,,,,,,,,,,,,
,,,,,,,,,,,,,,,,,,,,
,,,,,,,,,,,,,,,,,,,,
,,,,,,,,,,,,,,,,,,,,
,,,,,,,,,,,,,,,,,,,,
,,,,,,,,,,,,,,,,,,,,
,,,,,,,,,,,,,,,,,,,,
,,,,,,,,,,,,,,,,,,,,
,,,,,,,,,,,,,,,,,,,,
,,,,,,,,,,,,,,,,,,,,
,,,,,,,,,,,,,,,,,,,,
,,,,,,,,,,,,,,,,,,,,
,,,,,,,,,,,,,,,,,,,,
,,,,,,,,,,,,,,,,,,,,
,,,,,,,,,,,,,,,,,,,,
,,,,,,,,,,,,,,,,,,,,
,,,,,,,,,,,,,,,,,,,,
,,,,,,,,,,,,,,,,,,,,
,,,,,,,,,,,,,,,,,,,,
,,,,,,,,,,,,,,,,,,,,
,,,,,,,,,,,,,,,,,,,,
,,,,,,,,,,,,,,,,,,,,
,,,,,,,,,,,,,,,,,,,,
,,,,,,,,,,,,,,,,,,,,
,,,,,,,,,,,,,,,,,,,,
,,,,,,,,,,,,,,,,,,,,
,,,,,,,,,,,,,,,,,,,,
,,,,,,,,,,,,,,,,,,,,
,,,,,,,,,,,,,,,,,,,,
,,,,,,,,,,,,,,,,,,,,
,,,,,,,,,,,,,,,,,,,,
,,,,,,,,,,,,,,,,,,,,
,,,,,,,,,,,,,,,,,,,,
,,,,,,,,,,,,,,,,,,,,
,,,,,,,,,,,,,,,,,,,,
,,,,,,,,,,,,,,,,,,,,
,,,,,,,,,,,,,,,,,,,,
,,,,,,,,,,,,,,,,,,,,
,,,,,,,,,,,,,,,,,,,,
,,,,,,,,,,,,,,,,,,,,
,,,,,,,,,,,,,,,,,,,,
,,,,,,,,,,,,,,,,,,,,
,,,,,,,,,,,,,,,,,,,,
,,,,,,,,,,,,,,,,,,,,
,,,,,,,,,,,,,,,,,,,,
,,,,,,,,,,,,,,,,,,,,
,,,,,,,,,,,,,,,,,,,,
,,,,,,,,,,,,,,,,,,,,
,,,,,,,,,,,,,,,,,,,,
,,,,,,,,,,,,,,,,,,,,
,,,,,,,,,,,,,,,,,,,,
,,,,,,,,,,,,,,,,,,,,
,,,,,,,,,,,,,,,,,,,,
,,,,,,,,,,,,,,,,,,,,
,,,,,,,,,,,,,,,,,,,,
,,,,,,,,,,,,,,,,,,,,
,,,,,,,,,,,,,,,,,,,,
,,,,,,,,,,,,,,,,,,,,
,,,,,,,,,,,,,,,,,,,,
,,,,,,,,,,,,,,,,,,,,
,,,,,,,,,,,,,,,,,,,,
,,,,,,,,,,,,,,,,,,,,
,,,,,,,,,,,,,,,,,,,,
,,,,,,,,,,,,,,,,,,,,
,,,,,,,,,,,,,,,,,,,,
,,,,,,,,,,,,,,,,,,,,
,,,,,,,,,,,,,,,,,,,,
,,,,,,,,,,,,,,,,,,,,
,,,,,,,,,,,,,,,,,,,,
,,,,,,,,,,,,,,,,,,,,
,,,,,,,,,,,,,,,,,,,,
,,,,,,,,,,,,,,,,,,,,
,,,,,,,,,,,,,,,,,,,,
,,,,,,,,,,,,,,,,,,,,
,,,,,,,,,,,,,,,,,,,,
,,,,,,,,,,,,,,,,,,,,
,,,,,,,,,,,,,,,,,,,,
,,,,,,,,,,,,,,,,,,,,
,,,,,,,,,,,,,,,,,,,,
,,,,,,,,,,,,,,,,,,,,
,,,,,,,,,,,,,,,,,,,,
,,,,,,,,,,,,,,,,,,,,
,,,,,,,,,,,,,,,,,,,,
,,,,,,,,,,,,,,,,,,,,
,,,,,,,,,,,,,,,,,,,,
,,,,,,,,,,,,,,,,,,,,
,,,,,,,,,,,,,,,,,,,,
,,,,,,,,,,,,,,,,,,,,
,,,,,,,,,,,,,,,,,,,,
,,,,,,,,,,,,,,,,,,,,
,,,,,,,,,,,,,,,,,,,,
,,,,,,,,,,,,,,,,,,,,
,,,,,,,,,,,,,,,,,,,,
,,,,,,,,,,,,,,,,,,,,
,,,,,,,,,,,,,,,,,,,,
,,,,,,,,,,,,,,,,,,,,
,,,,,,,,,,,,,,,,,,,,
,,,,,,,,,,,,,,,,,,,,
,,,,,,,,,,,,,,,,,,,,
,,,,,,,,,,,,,,,,,,,,
,,,,,,,,,,,,,,,,,,,,
,,,,,,,,,,,,,,,,,,,,
,,,,,,,,,,,,,,,,,,,,
,,,,,,,,,,,,,,,,,,,,
,,,,,,,,,,,,,,,,,,,,
,,,,,,,,,,,,,,,,,,,,
,,,,,,,,,,,,,,,,,,,,
